unique_id,ds,cutoff,DLinear,DeepNPTS,KAN,MLP,NBEATS,NHITS,NLinear,PatchTST,TFT,TiDE,y,SeasonalNaive
H2OC (mmol/mol),2020-12-19,2020-12-18,-0.6030127,-0.56935173,-0.5683043,-0.6694324,-0.78674054,-0.70959294,-0.59294695,-0.5675212,-0.5269508,-0.5687756,-0.600846156209912,-1.101778028921377
H2OC (mmol/mol),2020-12-20,2020-12-18,-0.54771554,-0.53731537,-0.38284752,-0.6796731,-0.8472661,-0.6867244,-0.5601543,-0.5669736,-0.20971021,-0.59993064,-0.7152397081645446,-1.2188203567419724
H2OC (mmol/mol),2020-12-21,2020-12-18,-0.6513312,-0.5515414,-0.5468129,-0.65182567,-0.83265483,-0.69126993,-0.58349305,-0.5613503,-0.4666652,-0.6299226,-0.4619085727678704,-0.6248143290004065
H2OC (mmol/mol),2020-12-22,2020-12-18,-0.6245681,-0.5307197,-0.43977183,-0.66931593,-0.8559707,-0.6828289,-0.5508382,-0.5502357,-0.56021976,-0.633433,0.40363817619171927,-0.7734014365529068
H2OC (mmol/mol),2020-12-23,2020-12-18,-0.55305064,-0.52059126,-0.653832,-0.69520384,-0.6205605,-0.6859132,-0.51152295,-0.563634,-0.8211388,-0.595347,0.5469491729805979,-0.9651623826254276
H2OC (mmol/mol),2020-12-24,2020-12-18,-0.6062452,-0.5641126,-0.5857396,-0.65873694,-0.6194594,-0.6871594,-0.542818,-0.5913114,-0.24740747,-0.61640847,-0.3059753758925692,-0.8538037616410201
H2OC (mmol/mol),2020-12-25,2020-12-18,-0.74317324,-0.53043854,-0.37697774,-0.6607642,-0.60897255,-0.6864167,-0.54108006,-0.62605095,-0.5601702,-0.66086024,-0.8310962524843113,-0.8287461264509576
H2OC (mmol/mol),2020-12-26,2020-12-18,-0.713814,-0.55847615,-0.47853273,-0.6690136,-0.5823424,-0.690383,-0.5482103,-0.6247929,-0.6441298,-0.68977034,-1.04186053555501,-0.5829478453598674
H2OC (mmol/mol),2020-12-27,2020-12-18,-0.6221813,-0.5678907,-0.4432617,-0.68807334,-0.52981293,-0.682671,-0.57711476,-0.58730805,-0.75751543,-0.62104154,-1.2408741884589403,-0.056208338917338625
H2OC (mmol/mol),2020-12-28,2020-12-18,-0.5939893,-0.5712372,-0.53095233,-0.66221744,-0.6260865,-0.6815105,-0.5220632,-0.5675698,-0.9568933,-0.59857345,-0.9388752112987101,-0.2418682955522791
H2OC (mmol/mol),2020-12-29,2020-12-18,-0.66215265,-0.5508032,-0.36045352,-0.6502189,-0.73874515,-0.68429637,-0.5561005,-0.6011772,-0.6000286,-0.6452773,-0.7481103451343656,-0.9342839054719596
H2OC (mmol/mol),2020-12-30,2020-12-18,-0.6121409,-0.5785438,-0.47857124,-0.6242479,-0.67365706,-0.6865156,-0.578833,-0.6142407,-0.7401799,-0.7034877,-0.7371845936415558,-0.976477227832369
H2OC (mmol/mol),2020-12-31,2020-12-18,-0.5757783,-0.53374696,-0.42335117,-0.5876219,-0.54414797,-0.68329406,-0.5297894,-0.5965624,-0.7138695,-0.6622285,-0.8963083589727346,-0.6784470065562791
H2OC (mmol/mol),2021-01-01,2020-12-18,-0.6412355,-0.5362832,-0.41592085,-0.6101338,-0.54769146,-0.6941247,-0.5369501,-0.57020485,-0.90407985,-0.6100448,-0.8960126477499947,-0.6948823250411896
OT,2020-12-19,2020-12-18,0.07785928,0.090404406,0.055176433,0.080992155,0.09882405,0.062819436,0.09267457,0.0919088,0.08259374,0.08512977,0.06083352551970732,0.062237962104810675
OT,2020-12-20,2020-12-18,0.0998312,0.094090894,0.10866262,0.08136504,0.10296046,0.085687935,0.089587376,0.09446217,0.08870387,0.09951854,0.0715208451290114,0.08652722366994825
OT,2020-12-21,2020-12-18,0.10204386,0.091652624,0.1053126,0.09011279,0.10935631,0.08114241,0.090401016,0.09979799,0.09752152,0.098597944,0.07805550171192147,0.04627388381131372
OT,2020-12-22,2020-12-18,0.11370985,0.09400035,0.0878487,0.091434665,0.108112335,0.089583434,0.09007772,0.10106342,0.100067586,0.09694863,0.03505482076570309,0.024172166832857837
OT,2020-12-23,2020-12-18,0.09432397,0.09218551,0.0932159,0.090683766,0.10033138,0.08649917,0.09151943,0.0980909,0.11627045,0.09193446,0.06242694717748306,0.02312857512282764
OT,2020-12-24,2020-12-18,0.09546992,0.09168924,0.09217731,0.0960136,0.09077417,0.085252956,0.088541,0.09481904,0.1263789,0.08762413,0.028771566691795092,0.055765685014500015
OT,2020-12-25,2020-12-18,0.092523366,0.093992986,0.12590839,0.09632699,0.099196225,0.08599569,0.09078182,0.0905236,0.13618135,0.08911318,0.03276145111523813,0.06304188856640901
OT,2020-12-26,2020-12-18,0.083537705,0.09371369,0.08332601,0.0964157,0.10446641,0.08202932,0.09208489,0.09075687,0.11000677,0.08626623,0.04480345043132316,0.055304478972805556
OT,2020-12-27,2020-12-18,0.0829008,0.09284855,0.09930363,0.093687855,0.08657357,0.08974134,0.0924298,0.0904648,0.08947977,0.08798878,0.03576562066525574,0.06968868152024087
OT,2020-12-28,2020-12-18,0.092014484,0.096017055,0.08513287,0.09400316,0.069581896,0.09090187,0.09800315,0.09192241,0.06869908,0.09647562,0.04876077913417598,0.030348710489275756
OT,2020-12-29,2020-12-18,0.08937029,0.09511376,0.08513329,0.095188886,0.08347773,0.088115975,0.09329681,0.09264533,0.09505024,0.09439602,0.05229850077164403,0.02430781566865034
OT,2020-12-30,2020-12-18,0.10463735,0.090533905,0.11054866,0.101972386,0.09236188,0.085896745,0.09069608,0.09580783,0.13171077,0.09294212,0.04691957226968596,0.04054588563858297
OT,2020-12-31,2020-12-18,0.11576678,0.098451465,0.13920908,0.105487004,0.07155839,0.08911833,0.098799,0.09763401,0.06956882,0.090214424,0.04825797411617183,0.045995351535153155
OT,2021-01-01,2020-12-18,0.09986815,0.09550844,0.11726222,0.10342826,0.07490444,0.078287646,0.091833584,0.097416416,0.05288542,0.08921497,0.0662721395094141,0.04284287259133575
PAR (�mol/m�/s),2020-12-19,2020-12-18,-0.5034933,-0.5117442,-0.4901668,-0.5747639,-0.5064003,-0.5852738,-0.5268782,-0.5236544,-0.4780619,-0.5218763,-0.4880776463422402,-0.4746432103567496
PAR (�mol/m�/s),2020-12-20,2020-12-18,-0.5343991,-0.5310658,-0.5124861,-0.5782324,-0.5191247,-0.5624053,-0.53637516,-0.54879797,-0.5170853,-0.5314885,-0.6223513861638605,-0.47257423376973445
PAR (�mol/m�/s),2020-12-21,2020-12-18,-0.6167807,-0.5406863,-0.6222053,-0.5744283,-0.51469606,-0.5669508,-0.55232984,-0.55906093,-0.44243276,-0.54387236,-0.5064758660568719,-0.6257479737249639
PAR (�mol/m�/s),2020-12-22,2020-12-18,-0.59644353,-0.5569455,-0.6601541,-0.58326715,-0.5127596,-0.55850977,-0.56390786,-0.5728776,-0.51085126,-0.5620705,-0.5843524244709035,-0.6392157779744742
PAR (�mol/m�/s),2020-12-23,2020-12-18,-0.57548237,-0.55307126,-0.5904327,-0.5881489,-0.5071078,-0.56159407,-0.5586338,-0.5714965,-0.58804065,-0.5338634,-0.619311920267003,-0.5400847683716135
PAR (�mol/m�/s),2020-12-24,2020-12-18,-0.5923747,-0.560095,-0.6283643,-0.5884576,-0.5109816,-0.5628403,-0.57147807,-0.5806749,-0.5674768,-0.551283,-0.5547785370214817,-0.5951573206897194
PAR (�mol/m�/s),2020-12-25,2020-12-18,-0.58528465,-0.5595929,-0.6014614,-0.5869483,-0.5210223,-0.56209755,-0.57256466,-0.6005084,-0.5476413,-0.58683014,-0.6204791309577469,-0.5883697835497483
PAR (�mol/m�/s),2020-12-26,2020-12-18,-0.56361043,-0.5652939,-0.6078866,-0.58916944,-0.5312053,-0.5660639,-0.5675922,-0.5995368,-0.59279346,-0.5706512,-0.5819178547207552,-0.6332982705142441
PAR (�mol/m�/s),2020-12-27,2020-12-18,-0.5666172,-0.5592714,-0.6118414,-0.5920203,-0.54215795,-0.5583519,-0.56674206,-0.58061665,-0.57995695,-0.5542065,-0.632619932230517,-0.636776015345951
PAR (�mol/m�/s),2020-12-28,2020-12-18,-0.5258166,-0.5605061,-0.5949001,-0.5956427,-0.5486414,-0.5571914,-0.5732348,-0.5527054,-0.56925464,-0.53808236,-0.5882620684154558,-0.608379724344023
PAR (�mol/m�/s),2020-12-29,2020-12-18,-0.54978824,-0.5529009,-0.65861607,-0.59315157,-0.5513246,-0.55997723,-0.57039607,-0.578791,-0.5404319,-0.5741621,-0.5519338782476628,-0.49037571757510307
PAR (�mol/m�/s),2020-12-30,2020-12-18,-0.588444,-0.5559437,-0.7067086,-0.5921847,-0.53078145,-0.5621965,-0.56719637,-0.59724796,-0.4735508,-0.56799114,-0.5562194865865643,-0.5083831361000285
PAR (�mol/m�/s),2020-12-31,2020-12-18,-0.62364054,-0.55315626,-0.72907156,-0.58525425,-0.54853183,-0.55897486,-0.577228,-0.5743388,-0.4400265,-0.55283386,-0.56680168250707,-0.562101830841798
PAR (�mol/m�/s),2021-01-01,2020-12-18,-0.56201476,-0.56042624,-0.6247437,-0.59230876,-0.5530585,-0.56980556,-0.5619213,-0.56690776,-0.46527734,-0.52851534,-0.6794927812265621,-0.5368501986158098
SWDR (W/m�),2020-12-19,2020-12-18,-0.49444422,-0.50277567,-0.46941102,-0.5676432,-0.5019443,-0.5941424,-0.5186548,-0.5155312,-0.47348619,-0.51407886,-0.4799250251914518,-0.4311250435777492
SWDR (W/m�),2020-12-20,2020-12-18,-0.52684176,-0.52342063,-0.49953565,-0.57135063,-0.50778943,-0.5712739,-0.5288958,-0.5414243,-0.50993735,-0.5241955,-0.6177789603810729,-0.39442683363066283
SWDR (W/m�),2020-12-21,2020-12-18,-0.6123979,-0.53363484,-0.6133602,-0.5673573,-0.50866765,-0.57581943,-0.54558873,-0.5523549,-0.43504548,-0.535761,-0.5022313290734881,-0.6243142670974572
SWDR (W/m�),2020-12-22,2020-12-18,-0.59098417,-0.55087614,-0.6556151,-0.57687587,-0.50581306,-0.5673784,-0.55813223,-0.56685424,-0.5166069,-0.5546259,-0.5821269151167465,-0.6390943964787329
SWDR (W/m�),2020-12-23,2020-12-18,-0.56903976,-0.5465236,-0.5838205,-0.58220816,-0.50072694,-0.57046264,-0.5523089,-0.564562,-0.56983304,-0.5249437,-0.6165999236925311,-0.5397970550015058
SWDR (W/m�),2020-12-24,2020-12-18,-0.5870229,-0.5538483,-0.62279505,-0.5826271,-0.49796557,-0.57170886,-0.5658754,-0.5745035,-0.5477393,-0.54323304,-0.5486156910325771,-0.5927266119965178
SWDR (W/m�),2020-12-25,2020-12-18,-0.57872546,-0.55340147,-0.59151196,-0.5810072,-0.51000583,-0.5709661,-0.56685126,-0.5950219,-0.5297992,-0.58013266,-0.6176396514087465,-0.5879403745067961
SWDR (W/m�),2020-12-26,2020-12-18,-0.5558492,-0.5590758,-0.60051465,-0.583379,-0.52276206,-0.5749325,-0.56149995,-0.59351736,-0.57930577,-0.56268567,-0.5774543933017214,-0.6317814025139123
SWDR (W/m�),2020-12-27,2020-12-18,-0.5592968,-0.5528797,-0.6041997,-0.58634377,-0.5395713,-0.5672205,-0.56074417,-0.57414603,-0.5834589,-0.54629254,-0.6264737015849812,-0.6354909765056119
SWDR (W/m�),2020-12-28,2020-12-18,-0.51740956,-0.55430275,-0.57973444,-0.59024286,-0.53900236,-0.56605995,-0.56779504,-0.54524225,-0.5578216,-0.52983534,-0.5823808122625524,-0.608186708762552
SWDR (W/m�),2020-12-29,2020-12-18,-0.541834,-0.54624116,-0.65077955,-0.5876057,-0.542921,-0.56884587,-0.56460613,-0.57231325,-0.53114325,-0.5666727,-0.5448054888479236,-0.4876873560294338
SWDR (W/m�),2020-12-30,2020-12-18,-0.5833939,-0.5494161,-0.7015928,-0.5866805,-0.51625293,-0.57106507,-0.56135935,-0.5915566,-0.47106963,-0.55979556,-0.5489225197712084,-0.5047452888997719
SWDR (W/m�),2020-12-31,2020-12-18,-0.62153554,-0.5466188,-0.72986346,-0.5793297,-0.52919143,-0.5678435,-0.57193094,-0.5683045,-0.43484372,-0.5452152,-0.559262212013694,-0.5656096406588405
SWDR (W/m�),2021-01-01,2020-12-18,-0.5553974,-0.5541503,-0.6230485,-0.58687687,-0.5412447,-0.5786742,-0.5558002,-0.5602131,-0.4467615,-0.5196489,-0.6727667420047998,-0.5377309778837454
T (degC),2020-12-19,2020-12-18,-1.0930259,-1.1042571,-1.0411469,-1.15152,-1.2130713,-1.0384601,-1.1338148,-1.0887011,-1.1742158,-1.0856256,-1.0600621318128156,-1.6185871529877782
T (degC),2020-12-20,2020-12-18,-1.0793436,-1.0646974,-1.0037193,-1.1658396,-1.3130721,-1.0155916,-1.0858986,-1.0864342,-0.766428,-1.1587527,-1.1194348737799467,-1.6888247776123284
T (degC),2020-12-21,2020-12-18,-1.1669714,-1.0614378,-1.0371082,-1.1152085,-1.2634054,-1.0201372,-1.1033497,-1.089952,-0.9696499,-1.1591132,-1.0165875009315946,-0.9255085091247651
T (degC),2020-12-22,2020-12-18,-1.2605872,-1.0326025,-1.0482652,-1.1313635,-1.1516674,-1.0116961,-1.0647137,-1.0840704,-1.0024064,-1.2077938,-0.09774505913840531,-1.061591661458885
T (degC),2020-12-23,2020-12-18,-1.0481774,-1.024355,-1.007881,-1.1645006,-1.0518079,-1.0147804,-1.0300465,-1.0823106,-1.3264506,-1.1022035,-0.25166972493226464,-1.197620830393732
T (degC),2020-12-24,2020-12-18,-1.1672863,-1.0745814,-1.1112115,-1.0922585,-1.1739994,-1.0160266,-1.0668057,-1.1318978,-0.9547202,-1.1454738,-0.7054721736878571,-1.2093982086684667
T (degC),2020-12-25,2020-12-18,-1.2796458,-1.0614237,-1.1288282,-1.0981869,-1.1424742,-1.0152838,-1.0709035,-1.1809511,-1.1870179,-1.2183764,-1.3531200119997215,-1.2357780964465583
T (degC),2020-12-26,2020-12-18,-1.192965,-1.074114,-1.1236382,-1.1105733,-1.0081663,-1.0192503,-1.0641505,-1.1713457,-1.2430834,-1.2097996,-1.5601193565121905,-0.9256704593225843
T (degC),2020-12-27,2020-12-18,-1.0926245,-1.0684053,-1.092155,-1.1471344,-0.9458369,-1.0115383,-1.0955353,-1.1238409,-1.4881624,-1.1576821,-1.4318278081398126,-0.5716473268899928
T (degC),2020-12-28,2020-12-18,-1.1121457,-1.0902777,-1.1377149,-1.0942533,-0.9557713,-1.0103776,-1.061564,-1.0890076,-1.4552104,-1.1520323,-1.3325163479438449,-0.472965673018877
T (degC),2020-12-29,2020-12-18,-1.2174377,-1.0704435,-1.0617603,-1.0738573,-0.9959987,-1.0131636,-1.0749075,-1.1422639,-1.3087537,-1.2099583,-1.3356293906352568,-1.112965863100394
T (degC),2020-12-30,2020-12-18,-1.2254263,-1.0741172,-1.117241,-1.0208058,-0.8312752,-1.0153828,-1.0649378,-1.1728548,-1.0738463,-1.2388299,-1.212322309462423,-1.2612312692037966
T (degC),2020-12-31,2020-12-18,-1.1928252,-1.0695903,-1.1744113,-0.95914406,-0.8040564,-1.0121613,-1.062724,-1.1481249,-1.0901363,-1.1819699,-1.3096723728181372,-1.0292376108279102
T (degC),2021-01-01,2020-12-18,-1.2288502,-1.0583475,-1.1363827,-0.9908502,-0.7947863,-1.0229919,-1.0589051,-1.1074563,-1.1650928,-1.1064297,-1.2915519451288202,-0.6075282929401395
Tdew (degC),2020-12-19,2020-12-18,-0.49999398,-0.458386,-0.45737565,-0.6141772,-0.69704354,-0.67162144,-0.49576157,-0.45746595,-0.8484109,-0.45210293,-0.49142486091276766,-1.24429679148814
Tdew (degC),2020-12-20,2020-12-18,-0.4447323,-0.42918265,-0.26200876,-0.6284808,-0.7068198,-0.6487529,-0.4597582,-0.46049643,-0.5422424,-0.5116529,-0.6493194113933618,-1.4988969406325632
Tdew (degC),2020-12-21,2020-12-18,-0.56104755,-0.44829604,-0.37351418,-0.5886871,-0.7937475,-0.65329844,-0.4936986,-0.451666,-0.5805631,-0.541896,-0.31513900070140904,-0.5364148171933996
Tdew (degC),2020-12-22,2020-12-18,-0.53633165,-0.42666316,-0.22356161,-0.61275816,-0.67943585,-0.6448574,-0.45878932,-0.4375266,-0.3940819,-0.5459655,0.5549139002357113,-0.7253017324948207
Tdew (degC),2020-12-23,2020-12-18,-0.46210107,-0.41859025,-0.5771155,-0.6500657,-0.40448827,-0.6479417,-0.40756625,-0.4597844,-0.7123779,-0.51663935,0.682073907994508,-1.004426382456535
Tdew (degC),2020-12-24,2020-12-18,-0.5080502,-0.4701403,-0.48956242,-0.596871,-0.42792627,-0.6491879,-0.43992478,-0.5003828,-0.3684713,-0.52983826,-0.17654887988564197,-0.8405696959358857
Tdew (degC),2020-12-25,2020-12-18,-0.71446407,-0.42490333,-0.2474229,-0.60012263,-0.44691938,-0.6484452,-0.4452238,-0.5538187,-0.4274544,-0.61450136,-0.832480527578838,-0.813272781201147
Tdew (degC),2020-12-26,2020-12-18,-0.6717841,-0.46745646,-0.41365558,-0.61175245,-0.44276202,-0.6524115,-0.45602387,-0.55210716,-0.47425008,-0.6462278,-1.1599145933461878,-0.46552448254777157
Tdew (degC),2020-12-27,2020-12-18,-0.54520637,-0.48080248,-0.24161515,-0.63883424,-0.32263547,-0.6446995,-0.4890521,-0.49594012,-0.6610587,-0.547629,-1.590606409774816,0.13278392601235142
Tdew (degC),2020-12-28,2020-12-18,-0.5070089,-0.4854679,-0.4448669,-0.60031796,-0.35693207,-0.643539,-0.41936314,-0.46314138,-0.8082469,-0.50546896,-1.0817192992280598,-0.07057325459709521
Tdew (degC),2020-12-29,2020-12-18,-0.603054,-0.45607975,-0.2224774,-0.5833248,-0.52313244,-0.6463249,-0.46725345,-0.5150795,-0.67309994,-0.5831461,-0.7621595500685666,-0.9604032590472633
Tdew (degC),2020-12-30,2020-12-18,-0.54480195,-0.4915471,-0.28631625,-0.545823,-0.4707947,-0.64854413,-0.49411887,-0.53330964,-0.39596742,-0.6592245,-0.7166754347647949,-1.0432930638852183
Tdew (degC),2020-12-31,2020-12-18,-0.5046742,-0.433587,-0.25693366,-0.49374843,-0.35507017,-0.64532256,-0.43449426,-0.505612,-0.6095171,-0.60618365,-0.9481889371057449,-0.593275332616844
Tdew (degC),2021-01-01,2020-12-18,-0.5705507,-0.43453354,-0.24908462,-0.52532816,-0.3469902,-0.6561532,-0.43068436,-0.46716717,-0.71267915,-0.531614,-0.9489516608153736,-0.6326254304812076
Tlog (degC),2020-12-19,2020-12-18,-1.1417302,-1.1349233,-1.1003344,-1.1668519,-1.2033432,-1.011476,-1.1495782,-1.0948744,-1.157665,-1.1061268,-1.17729025675558,-1.3690158006113053
Tlog (degC),2020-12-20,2020-12-18,-1.0523643,-1.0866231,-0.8171592,-1.1804641,-1.2417123,-0.9886075,-1.1042119,-1.0909255,-1.2222995,-1.1500745,-1.2334342768866673,-1.4424815307577044
Tlog (degC),2020-12-21,2020-12-18,-1.1860007,-1.1026537,-1.027716,-1.1323621,-1.214732,-0.99315304,-1.133548,-1.087756,-1.0440537,-1.1455878,-1.1039461461161164,-1.065628940439055
Tlog (degC),2020-12-22,2020-12-18,-1.2213764,-1.057926,-0.9918441,-1.1475064,-1.0925267,-0.984712,-1.0824329,-1.0776044,-1.1305559,-1.1907201,-0.45611378979733164,-1.1081591237507593
Tlog (degC),2020-12-23,2020-12-18,-1.0560372,-1.0509331,-1.0344143,-1.1778591,-1.0357981,-0.9877963,-1.0566347,-1.088149,-1.2466364,-1.1030358,-0.3746831993591424,-1.1122415338967253
Tlog (degC),2020-12-24,2020-12-18,-1.206369,-1.1041855,-1.1043836,-1.1097604,-1.1540717,-0.9890425,-1.1100583,-1.1265196,-1.3103547,-1.1676085,-0.8515940085005587,-1.0188335524972374
Tlog (degC),2020-12-25,2020-12-18,-1.2715354,-1.0777398,-1.1000624,-1.1152362,-1.1520538,-0.9882998,-1.087392,-1.168448,-1.1998714,-1.203762,-1.3410218875564714,-1.1565300260559457
Tlog (degC),2020-12-26,2020-12-18,-1.2032636,-1.1008768,-1.1162088,-1.1269736,-1.0936184,-0.9922661,-1.0880033,-1.1650137,-1.3017274,-1.2140212,-1.6507801976936605,-0.9047175673935857
Tlog (degC),2020-12-27,2020-12-18,-1.1026604,-1.1030152,-1.0694547,-1.1619561,-1.0778351,-0.9845541,-1.1234581,-1.1223992,-1.2712921,-1.1426008,-1.6817421015085872,-0.6354525877447408
Tlog (degC),2020-12-28,2020-12-18,-1.111804,-1.1131048,-1.1238129,-1.1126602,-1.0347464,-0.9833936,-1.0744365,-1.0939867,-1.31886,-1.1381751,-1.3424146074356922,-0.6125858682277848
Tlog (degC),2020-12-29,2020-12-18,-1.2072,-1.0946199,-1.0251793,-1.093244,-1.0212966,-0.9861795,-1.1034944,-1.138604,-1.1943104,-1.2137194,-1.4772124827457722,-1.0348933536045017
Tlog (degC),2020-12-30,2020-12-18,-1.1832588,-1.1094334,-1.0715325,-1.0428046,-0.93685997,-0.98839873,-1.0967588,-1.1585714,-1.3783934,-1.2773739,-1.3012510305054734,-1.2774268160715532
Tlog (degC),2020-12-31,2020-12-18,-1.1426246,-1.06745,-1.1032848,-0.9843096,-0.8854382,-0.98517716,-1.0642706,-1.1360326,-1.3294867,-1.2170755,-1.3453219101835656,-1.0529551895381462
Tlog (degC),2021-01-01,2020-12-18,-1.2302654,-1.0786494,-1.0860918,-1.0143499,-0.9938273,-0.9960078,-1.0893584,-1.1045216,-1.4696294,-1.1188885,-1.1696825244153366,-0.8114053354857944
Tpot (K),2020-12-19,2020-12-18,-1.1007874,-1.118063,-1.1642435,-1.1405494,-1.2526863,-0.9853943,-1.1146224,-1.0503864,-1.226986,-1.0692513,-1.0728039342781948,-1.7435872542136461
Tpot (K),2020-12-20,2020-12-18,-1.0488019,-1.0324018,-0.9881276,-1.1507096,-1.3545799,-0.9625258,-1.0573063,-1.0153188,-1.1455032,-1.1094921,-1.1363214007767726,-1.7539346836426515
Tpot (K),2020-12-21,2020-12-18,-1.1001089,-1.0087473,-1.1223313,-1.1372379,-1.3416071,-0.9670713,-1.034785,-0.98812115,-0.854916,-1.0592151,-1.0356811724743034,-0.937067257493361
Tpot (K),2020-12-22,2020-12-18,-1.2081009,-0.97301877,-1.108909,-1.162876,-1.2849877,-0.95863026,-0.986308,-0.9673361,-1.065876,-1.1395127,-0.05607710242477727,-1.1147249358521079
Tpot (K),2020-12-23,2020-12-18,-0.9900679,-0.9684885,-0.97628015,-1.183506,-1.0239389,-0.96171457,-0.9658684,-0.9749783,-1.1109223,-1.0382732,-0.19440149535614948,-1.3355404563836206
Tpot (K),2020-12-24,2020-12-18,-1.1159712,-1.0063087,-1.1433963,-1.1770307,-1.068777,-0.9629608,-1.0072881,-1.0213594,-1.1358331,-1.0950282,-0.60039222895008,-1.289058056856489
Tpot (K),2020-12-25,2020-12-18,-1.1496836,-1.0034105,-1.1726774,-1.1741406,-1.0002158,-0.96221805,-0.99448866,-1.0563521,-1.0649757,-1.1140774,-1.337865014955934,-1.2964703285304697
Tpot (K),2020-12-26,2020-12-18,-1.0758482,-0.99872303,-1.3238804,-1.1810279,-0.86100423,-0.9661844,-0.98360443,-1.0499804,-1.0259428,-1.0948912,-1.5672331566497335,-0.9881724584076975
Tpot (K),2020-12-27,2020-12-18,-1.025606,-0.99423504,-1.0348445,-1.1898435,-0.8477098,-0.9584724,-1.020407,-1.0274899,-0.99123025,-1.0796547,-1.2175756877780597,-0.5720062986104316
Tpot (K),2020-12-28,2020-12-18,-1.0662924,-1.0150819,-0.96935743,-1.1915199,-0.8124225,-0.95731187,-0.9906809,-1.0130011,-1.1410817,-1.1014539,-0.9558567082929676,-0.4652169549902576
Tpot (K),2020-12-29,2020-12-18,-1.1067747,-0.9884798,-1.0686593,-1.1837207,-0.8637719,-0.96009773,-0.9782234,-1.0381194,-1.1512249,-1.1252326,-1.0246022385994653,-1.223084452998486
Tpot (K),2020-12-30,2020-12-18,-1.0949702,-0.9898021,-0.9896673,-1.1778486,-0.7946996,-0.962317,-0.9744104,-1.0462073,-1.0559775,-1.157655,-1.0341373147055215,-1.3035054076813968
Tpot (K),2020-12-31,2020-12-18,-1.0566605,-0.9887326,-1.1085101,-1.1548893,-0.6610046,-0.95909536,-0.9579686,-1.033406,-0.952637,-1.1001341,-1.1637511919300736,-1.0444618635342504
Tpot (K),2021-01-01,2020-12-18,-1.111558,-0.9895831,-1.0534477,-1.1761957,-0.6058846,-0.969926,-0.99615544,-1.006546,-0.96247584,-1.0247496,-1.1393038532846482,-0.5580150875808455
VPact (mbar),2020-12-19,2020-12-18,-0.59896314,-0.5639397,-0.54183954,-0.6755881,-0.79041433,-0.7081656,-0.5927056,-0.56815624,-0.65862566,-0.5653266,-0.5962088647645353,-1.086743231465888
VPact (mbar),2020-12-20,2020-12-18,-0.54957205,-0.53966373,-0.40052623,-0.6867726,-0.8557571,-0.6852971,-0.56148565,-0.57256883,-0.4628637,-0.6045442,-0.7107494711371244,-1.2126682722518183
VPact (mbar),2020-12-21,2020-12-18,-0.6598541,-0.55701154,-0.5690757,-0.6536032,-0.83770967,-0.6898426,-0.5913159,-0.5694045,-0.7882754,-0.63853437,-0.45531965386436674,-0.6210410028444843
VPact (mbar),2020-12-22,2020-12-18,-0.62966913,-0.5376416,-0.42873508,-0.6707609,-0.84085274,-0.68140155,-0.56025475,-0.55987227,-0.47828186,-0.63835585,0.39767692640227753,-0.7640153551101447
VPact (mbar),2020-12-23,2020-12-18,-0.55855274,-0.52659714,-0.66161793,-0.69837093,-0.6290334,-0.68448585,-0.5182859,-0.57387614,-0.78321064,-0.6023032,0.5375867527216847,-0.9467653585751127
VPact (mbar),2020-12-24,2020-12-18,-0.6114563,-0.5717068,-0.6028753,-0.653509,-0.62148964,-0.68573207,-0.54918736,-0.60377884,-0.5196666,-0.6210557,-0.32296056673211965,-0.8409286377509028
VPact (mbar),2020-12-25,2020-12-18,-0.76044565,-0.537022,-0.38950133,-0.6564598,-0.62038094,-0.68498933,-0.55005616,-0.6429242,-0.5658277,-0.67726314,-0.8318772286416083,-0.8180710653579726
VPact (mbar),2020-12-26,2020-12-18,-0.7294155,-0.5677495,-0.5129947,-0.6656719,-0.61187613,-0.68895566,-0.5575297,-0.64136475,-0.7152611,-0.7071861,-1.0402807895123252,-0.5701603942213826
VPact (mbar),2020-12-27,2020-12-18,-0.6299197,-0.57683384,-0.42787856,-0.68881106,-0.54221874,-0.68124366,-0.5856669,-0.5985122,-0.69885147,-0.6299331,-1.2624905136666777,-0.052113340575118884
VPact (mbar),2020-12-28,2020-12-18,-0.59788364,-0.5802611,-0.5277927,-0.6565838,-0.6443715,-0.68008316,-0.52999914,-0.57333314,-0.6984038,-0.6013005,-0.9861460966370166,-0.24121354728953948
VPact (mbar),2020-12-29,2020-12-18,-0.67657167,-0.56053436,-0.37238088,-0.6426285,-0.7537463,-0.682869,-0.56807804,-0.6136949,-0.66922504,-0.6575667,-0.7913117511674932,-0.9193741833647873
VPact (mbar),2020-12-30,2020-12-18,-0.62933016,-0.5890306,-0.4619813,-0.61032224,-0.66819394,-0.6850883,-0.59016657,-0.6301596,-0.8198196,-0.7153614,-0.7613773353522876,-0.9705549259723159
VPact (mbar),2020-12-31,2020-12-18,-0.5934082,-0.54279643,-0.4267518,-0.5678537,-0.56434256,-0.68186665,-0.54349047,-0.60900575,-0.75700873,-0.6728794,-0.9146036326649498,-0.6738961771546047
VPact (mbar),2021-01-01,2020-12-18,-0.6566742,-0.5442698,-0.40633237,-0.5924991,-0.5746112,-0.69269735,-0.5441842,-0.57976645,-0.78455704,-0.6200676,-0.9154408485162456,-0.7018244342317992
VPdef (mbar),2020-12-19,2020-12-18,-0.8592217,-0.88941973,-0.8537327,-0.8541565,-0.87758464,-0.8306799,-0.8933764,-0.86074096,-0.8663903,-0.8719919,-0.837155976469696,-0.837727105348989
VPdef (mbar),2020-12-20,2020-12-18,-0.88814515,-0.8804426,-0.8813047,-0.8511645,-0.7761448,-0.8078114,-0.88497895,-0.8605937,-0.8991154,-0.9059114,-0.8065674260056874,-0.7623081464496873
VPdef (mbar),2020-12-21,2020-12-18,-0.8847149,-0.86613107,-0.95057935,-0.8340307,-0.7209466,-0.8123569,-0.88072705,-0.8523336,-0.85125375,-0.86977994,-0.9176156290171402,-0.7169312083190406
VPdef (mbar),2020-12-22,2020-12-18,-0.965742,-0.85891706,-1.0233114,-0.83164006,-0.6512134,-0.80391586,-0.8749023,-0.85112923,-0.9438092,-0.91064924,-0.6717895667304248,-0.7261195382853447
VPdef (mbar),2020-12-23,2020-12-18,-0.8590537,-0.85976326,-0.83000964,-0.8314745,-0.6887801,-0.80700016,-0.87737125,-0.8529064,-0.92500144,-0.8678175,-0.9671455511146311,-0.6902838749340484
VPdef (mbar),2020-12-24,2020-12-18,-0.9238746,-0.8628221,-0.9275564,-0.8329072,-0.7477211,-0.8082464,-0.886231,-0.875791,-0.9118699,-0.8920709,-0.7441197237507037,-0.7700376378554002
VPdef (mbar),2020-12-25,2020-12-18,-0.899487,-0.88075703,-0.87525535,-0.8296535,-0.74353987,-0.80750364,-0.8855167,-0.8995627,-0.89900935,-0.92148066,-0.879391705764231,-0.8034379819966773
VPdef (mbar),2020-12-26,2020-12-18,-0.8571468,-0.86981606,-0.86296916,-0.82743007,-0.71914303,-0.81147003,-0.8740616,-0.89709437,-0.9680153,-0.89161694,-0.8439678113614887,-0.7660258318137745
VPdef (mbar),2020-12-27,2020-12-18,-0.8456244,-0.85954636,-0.8840834,-0.8272328,-0.67099005,-0.80375797,-0.8752602,-0.88460404,-0.9874193,-0.89132416,-0.6083771486531147,-0.8367324426940406
VPdef (mbar),2020-12-28,2020-12-18,-0.867566,-0.87013984,-0.8721243,-0.8407347,-0.65325874,-0.80259746,-0.88957775,-0.86862457,-1.037967,-0.8950725,-0.7483315318530557,-0.6076947886812252
VPdef (mbar),2020-12-29,2020-12-18,-0.90804076,-0.8690047,-0.9647563,-0.8410463,-0.5918787,-0.8053833,-0.8742551,-0.88414806,-0.99684787,-0.9192665,-0.8946742161691338,-0.6457657691818145
VPdef (mbar),2020-12-30,2020-12-18,-0.9505173,-0.85478556,-0.9923173,-0.83312476,-0.600537,-0.8076026,-0.8511795,-0.8896651,-1.0315717,-0.89907116,-0.8361794958202681,-0.7094134838011554
VPdef (mbar),2020-12-31,2020-12-18,-0.94139975,-0.87950355,-0.96024054,-0.8340722,-0.56898826,-0.804381,-0.8853903,-0.87232494,-1.045856,-0.87631446,-0.7880613529749622,-0.7716729488225145
VPdef (mbar),2021-01-01,2020-12-18,-0.9335038,-0.8747892,-0.94633466,-0.83688,-0.71419585,-0.81521165,-0.88332295,-0.86453855,-1.0220844,-0.86017025,-0.7792024381675012,-0.3837160103220729
VPmax (mbar),2020-12-19,2020-12-18,-0.94838554,-0.9529677,-0.8964369,-0.96538895,-1.0765693,-0.91714984,-0.97010493,-0.94515806,-1.0069922,-0.9457515,-0.9326866261659867,-1.1989246940804101
VPmax (mbar),2020-12-20,2020-12-18,-0.9415834,-0.93323225,-0.8946565,-0.972561,-1.1457704,-0.8942813,-0.9437549,-0.9465763,-0.82057214,-0.98350847,-0.9724996705886636,-1.2123285174497243
VPmax (mbar),2020-12-21,2020-12-18,-1.0036224,-0.9328704,-0.9133841,-0.94508713,-1.0469661,-0.89882684,-0.9567776,-0.9513093,-0.89023566,-0.9891865,-0.9147797481518292,-0.8586184348965236
VPmax (mbar),2020-12-22,2020-12-18,-1.0440198,-0.91734874,-0.91981524,-0.9521307,-0.9591595,-0.8903858,-0.9344032,-0.949192,-0.95909524,-1.0137146,-0.2733264320856265,-0.9428518409927703
VPmax (mbar),2020-12-23,2020-12-18,-0.9260811,-0.91113865,-0.90295434,-0.97042376,-0.9664239,-0.8934701,-0.91437304,-0.9483428,-1.029653,-0.9542545,-0.4125479126576765,-1.015832431349848
VPmax (mbar),2020-12-24,2020-12-18,-0.998498,-0.93999964,-0.96914476,-0.9293763,-0.8725043,-0.8947163,-0.9366073,-0.9751551,-0.8472096,-0.9812828,-0.7167764355906946,-1.0164318964196668
VPmax (mbar),2020-12-25,2020-12-18,-1.0539593,-0.9327418,-0.9510831,-0.93320185,-0.94833195,-0.8939736,-0.9378198,-1.0026263,-0.9970488,-1.018799,-1.0911252441190835,-1.0282927410153664
VPmax (mbar),2020-12-26,2020-12-18,-1.0084162,-0.9407403,-0.96751165,-0.9396282,-0.8346719,-0.8979399,-0.93515426,-0.9976786,-1.0314478,-1.0177678,-1.1784244858581177,-0.8667283409125003
VPmax (mbar),2020-12-27,2020-12-18,-0.95135546,-0.9367841,-0.9519933,-0.95924354,-0.7573508,-0.8902279,-0.95213056,-0.9695582,-1.1952639,-0.9843336,-1.127315806762713,-0.6373901327732681
VPmax (mbar),2020-12-28,2020-12-18,-0.9555336,-0.9474741,-0.9572977,-0.9279153,-0.7864325,-0.8890674,-0.9328797,-0.94803727,-1.0488851,-0.9795714,-1.0793671649639243,-0.5731189135019857
VPmax (mbar),2020-12-29,2020-12-18,-1.0199409,-0.93789923,-0.9112888,-0.91711617,-0.8370459,-0.8918533,-0.94174665,-0.98038495,-1.1240585,-1.0151768,-1.0802149798483822,-0.968431871900608
VPmax (mbar),2020-12-30,2020-12-18,-1.0289825,-0.9418692,-0.9564508,-0.8876126,-0.85343313,-0.89407253,-0.9365216,-0.99922687,-0.9746396,-1.0334598,-1.021527349513126,-1.0426884664777283
VPmax (mbar),2020-12-31,2020-12-18,-1.010174,-0.9375668,-0.98208594,-0.85465175,-0.74662477,-0.8908509,-0.93549097,-0.9841819,-1.0290531,-0.99907947,-1.0694588637384914,-0.9270430907229787
VPmax (mbar),2021-01-01,2020-12-18,-1.0324502,-0.9325784,-0.96525735,-0.87076664,-0.65537685,-0.90168154,-0.93357724,-0.96160287,-1.1772544,-0.9594892,-1.0634899044004391,-0.6598358177446246
max. PAR (�mol/m�/s),2020-12-19,2020-12-18,-0.4533498,-0.4581624,-0.45211947,-0.50420266,-0.44736743,-0.5289043,-0.4697404,-0.46119526,-0.45555782,-0.46142712,-0.44205587456701817,-0.4341108937080219
max. PAR (�mol/m�/s),2020-12-20,2020-12-18,-0.47722682,-0.47030148,-0.4713767,-0.5070091,-0.4548932,-0.5060358,-0.47650936,-0.48064455,-0.47755677,-0.4718144,-0.5421041377110736,-0.43243084036467994
max. PAR (�mol/m�/s),2020-12-21,2020-12-18,-0.53618115,-0.47590944,-0.5719207,-0.50384563,-0.45332876,-0.5105813,-0.48517713,-0.483584,-0.44325724,-0.47818127,-0.4502425884927339,-0.5417331428299665
max. PAR (�mol/m�/s),2020-12-22,2020-12-18,-0.52483463,-0.48781106,-0.612104,-0.5109141,-0.4412353,-0.5021403,-0.4936186,-0.49281216,-0.45535785,-0.49675602,-0.48321094012112237,-0.5547194748494926
max. PAR (�mol/m�/s),2020-12-23,2020-12-18,-0.50276554,-0.486041,-0.5187298,-0.51472974,-0.43379313,-0.5052246,-0.49018317,-0.4937225,-0.5290653,-0.47283486,-0.5402708595438573,-0.46850412878534214
max. PAR (�mol/m�/s),2020-12-24,2020-12-18,-0.5154825,-0.49219012,-0.58588994,-0.5148749,-0.43969068,-0.5064708,-0.5005137,-0.5016285,-0.5521864,-0.48938182,-0.46155280514600133,-0.5194239048223062
max. PAR (�mol/m�/s),2020-12-25,2020-12-18,-0.51262677,-0.4906501,-0.55404115,-0.51366156,-0.44460246,-0.50572807,-0.50204206,-0.51837486,-0.4974579,-0.516445,-0.5384546361311405,-0.5099863649779786
max. PAR (�mol/m�/s),2020-12-26,2020-12-18,-0.49380603,-0.49510267,-0.51381904,-0.51546156,-0.4600203,-0.5096944,-0.4972989,-0.5179966,-0.5002248,-0.5009818,-0.5056787441690348,-0.5507371896738501
max. PAR (�mol/m�/s),2020-12-27,2020-12-18,-0.5063157,-0.49123982,-0.53722316,-0.517865,-0.4709983,-0.5019824,-0.49866194,-0.50494134,-0.50005424,-0.49392512,-0.5525727346122341,-0.5540816486195066
max. PAR (�mol/m�/s),2020-12-28,2020-12-18,-0.47312564,-0.49246776,-0.53938556,-0.520764,-0.4880708,-0.5008219,-0.50302917,-0.486115,-0.4742729,-0.4793671,-0.5124563899603393,-0.5228977856074877
max. PAR (�mol/m�/s),2020-12-29,2020-12-18,-0.48396114,-0.48476884,-0.54679227,-0.5187184,-0.48368844,-0.50360775,-0.498553,-0.50088507,-0.56520885,-0.5027333,-0.4678733187518276,-0.405076633269681
max. PAR (�mol/m�/s),2020-12-30,2020-12-18,-0.5068054,-0.485874,-0.6156468,-0.5178091,-0.48766845,-0.505827,-0.49612525,-0.51159155,-0.4654039,-0.49640697,-0.4763915209754425,-0.4415623661013732
max. PAR (�mol/m�/s),2020-12-31,2020-12-18,-0.5275456,-0.48545063,-0.6193757,-0.5121344,-0.49676418,-0.50260544,-0.5046315,-0.49239966,-0.43557584,-0.4829566,-0.4987137119612039,-0.4907253944834005
max. PAR (�mol/m�/s),2021-01-01,2020-12-18,-0.48067626,-0.49024186,-0.50669056,-0.5178344,-0.4929236,-0.51343614,-0.4915276,-0.48918033,-0.45674503,-0.4626626,-0.5882956449752665,-0.47075222607624034
max. wv (m/s),2020-12-19,2020-12-18,-0.32668373,-0.3476305,-1.6714002,-0.14924097,-0.42065373,-0.2260002,-0.43061042,-0.28537565,-0.74533653,-0.2832384,0.04999066504943064,-0.8876302674583585
max. wv (m/s),2020-12-20,2020-12-18,-0.7621617,-0.36917973,-1.4188672,-0.15294112,-0.29880205,-0.2031317,-0.4540782,-0.32224095,-0.39670584,-0.5336245,0.15838447037291903,-0.6268553522987687
max. wv (m/s),2020-12-21,2020-12-18,-0.5198873,-0.25601667,-1.2410376,-0.16412094,-0.33758408,-0.20767723,-0.32936522,-0.23746085,-0.5279119,-0.38685828,-0.039222893873035757,0.9034982545487448
max. wv (m/s),2020-12-22,2020-12-18,-0.7888143,-0.36612362,-1.8658338,-0.18839234,-0.27118617,-0.19923621,-0.45320788,-0.23251395,-0.38001043,-0.63567364,0.6267623423889502,0.35997768777612943
max. wv (m/s),2020-12-23,2020-12-18,-0.77721536,-0.38184464,-1.3302493,-0.21753438,-0.4634611,-0.20232047,-0.4041554,-0.2987635,-0.9727987,-0.7553204,-0.38350430416753123,-0.3653405840750711
max. wv (m/s),2020-12-24,2020-12-18,-0.4465909,-0.37326854,-1.1305195,-0.23651385,-0.55394477,-0.20356669,-0.33013543,-0.36294368,-0.9029891,-0.59867364,0.30765333357752545,-0.5229289125944862
max. wv (m/s),2020-12-25,2020-12-18,-0.6775613,-0.4163311,-1.3196806,-0.23350134,-0.34924662,-0.20282395,-0.43947226,-0.47087765,-0.31067556,-0.7940593,-0.45952977177102433,-0.5014481066530349
max. wv (m/s),2020-12-26,2020-12-18,-0.56256354,-0.34319946,-1.0498178,-0.23536831,-0.1411551,-0.20679036,-0.37882558,-0.46719548,0.08826539,-0.5177918,0.2328048964365777,0.01885285917664176
max. wv (m/s),2020-12-27,2020-12-18,-0.8220405,-0.36961168,-1.4410148,-0.22115853,-0.106608704,-0.19907829,-0.4239551,-0.41803077,-0.5913213,-0.71804583,1.9147814274137882,0.1352183708146414
max. wv (m/s),2020-12-28,2020-12-18,-0.6611651,-0.4113592,-0.99674773,-0.2307184,-0.076677844,-0.19791777,-0.48378408,-0.35911965,-1.0711625,-0.5150792,-0.05663759458023987,0.6790599458952236
max. wv (m/s),2020-12-29,2020-12-18,-0.5166167,-0.30971813,-0.97379375,-0.233405,0.012332007,-0.20070364,-0.33722147,-0.39080772,-0.38304472,-0.473353,0.2269732455085124,-0.1851211698439898
max. wv (m/s),2020-12-30,2020-12-18,-0.5324134,-0.27204958,-0.7129201,-0.25502747,-0.07411991,-0.2029229,-0.3445411,-0.3630442,-0.12725028,-0.20826796,-0.11661264678538817,0.4321778063763504
max. wv (m/s),2020-12-31,2020-12-18,-0.44845265,-0.45873013,-0.45089203,-0.25959182,-0.075310916,-0.19970131,-0.53420854,-0.28240034,-1.2395234,-0.30631793,-0.3794649496256145,0.2844872340192478
max. wv (m/s),2021-01-01,2020-12-18,-0.11184147,-0.3691759,-0.1608882,-0.26853457,-0.118106365,-0.210532,-0.37311077,-0.269853,-0.62635976,-0.34369466,-1.0326901056459163,0.9498839550499613
p (mbar),2020-12-19,2020-12-18,0.3357826,0.3670081,0.9824091,-0.5169908,0.6884423,-0.3869751,0.03945917,0.04923737,1.0388105,0.3322538,0.40019037976906285,1.8904991200685375
p (mbar),2020-12-20,2020-12-18,-0.122169554,-0.1969772,-0.33066624,-0.57255495,0.5312469,-0.45095968,-0.12353015,-0.29689157,0.20852524,-0.30276638,0.4634737673570278,1.2059854380506063
p (mbar),2020-12-21,2020-12-18,-0.45330352,-0.41690975,-1.1434214,-0.51808834,0.45728487,-0.4263233,-0.5764215,-0.4430554,0.34001702,-0.5028958,0.46174383368488364,0.3661871253575255
p (mbar),2020-12-22,2020-12-18,-0.29745173,-0.51584023,-0.6525554,-0.6669755,0.4308819,-0.31093505,-0.7156935,-0.56966126,-0.2810158,-0.27293217,-0.45706819370798357,0.8807820462969153
p (mbar),2020-12-23,2020-12-18,-0.4390723,-0.5104064,-0.57032096,-0.76023275,0.4008928,-0.3901959,-0.55317944,-0.6369499,-0.52676225,-0.53141195,-0.5928237328540921,1.9074775652065574
p (mbar),2020-12-24,2020-12-18,-0.37402928,-0.5512356,-0.45677155,-0.7708856,0.42346296,-0.4332365,-0.5020601,-0.8200353,-0.41206968,-0.33191645,-1.0217346367020346,1.2303815259294002
p (mbar),2020-12-25,2020-12-18,-1.336973,-0.4747395,-0.8145118,-0.74675524,0.048753202,-0.34953976,-0.67687416,-1.1783934,-0.19035017,-1.2370311,0.15478923062153035,1.0156927341147675
p (mbar),2020-12-26,2020-12-18,-1.184057,-0.67437625,-0.78674304,-0.7822731,0.18408407,-0.38932562,-0.705376,-1.1656786,0.45598882,-1.2719858,0.4713268616082489,0.9499793931826753
p (mbar),2020-12-27,2020-12-18,-0.57452124,-0.7147185,-0.91010314,-0.81955105,0.45241398,-0.34032404,-0.62432003,-0.77166986,-0.4146278,-0.63715243,-2.092402655696639,0.14897987196437604
p (mbar),2020-12-28,2020-12-18,-0.25424558,-0.694008,-1.2148548,-0.8760563,0.7569614,-0.31311664,-0.57936,-0.33885604,-1.4809858,-0.15538526,-3.928827826216561,0.031167365789808152
p (mbar),2020-12-29,2020-12-18,-1.062548,-0.6897607,-0.76719236,-0.8385738,0.8142395,-0.35617566,-0.87708354,-0.8309351,-1.8422604,-0.9063584,-3.2020464826348034,1.5566792013082618
p (mbar),2020-12-30,2020-12-18,-1.2372267,-0.7612493,-1.2554674,-0.8329166,0.5446293,-0.35656804,-0.8133816,-1.0906444,-0.30266458,-0.9029151,-1.7381041934384238,0.8120513791924785
p (mbar),2020-12-31,2020-12-18,-1.2145399,-0.5891375,-1.924933,-0.72656596,0.22088327,-0.36563239,-0.9875968,-0.788749,0.54475266,-0.778919,-1.3518140275502337,0.4350545779151095
p (mbar),2021-01-01,2020-12-18,-1.0716375,-0.58781344,-1.6428568,-0.84059894,0.46302864,-0.4102755,-0.51743984,-0.5850858,0.16355354,-0.6958106,-1.437015272454106,-0.4088392521692351
rain (mm),2020-12-19,2020-12-18,-0.09122397,-0.09141386,-0.08635837,-0.071590155,-0.060193155,-0.0966087,-0.09677467,-0.08788527,-0.091693826,-0.08229777,-0.0935055214483151,-0.0935055214483151
rain (mm),2020-12-20,2020-12-18,-0.087812975,-0.09151688,-0.1011635,-0.07202012,-0.05896862,-0.0737402,-0.09915864,-0.08784199,-0.09361273,-0.07356353,-0.059570671294202536,-0.0935055214483151
rain (mm),2020-12-21,2020-12-18,-0.071012385,-0.08628161,-0.06652996,-0.0725505,-0.0838034,-0.078285724,-0.09225841,-0.08248159,-0.093683794,-0.09221859,-0.07653809637125882,-0.07653809637125882
rain (mm),2020-12-22,2020-12-18,-0.053726986,-0.07966647,-0.020401187,-0.07462211,-0.09037934,-0.0698447,-0.08702724,-0.078476086,-0.09544077,-0.08782951,0.002643220655003836,0.1779732797845854
rain (mm),2020-12-23,2020-12-18,-0.080796674,-0.083926536,-0.029261872,-0.07680102,-0.12454533,-0.072928965,-0.08832692,-0.08565839,-0.097004406,-0.082555145,0.33068010547809196,-0.0935055214483151
rain (mm),2020-12-24,2020-12-18,-0.059614718,-0.0811932,-0.0716699,-0.07806559,-0.11128504,-0.07417518,-0.08264202,-0.08941612,-0.019203216,-0.078413755,-0.08219390473027759,-0.0935055214483151
rain (mm),2020-12-25,2020-12-18,-0.09044467,-0.084396034,-0.099893354,-0.077786274,-0.1345,-0.073432446,-0.091984466,-0.09775353,-0.09162472,-0.10614641,0.030922262450097635,-0.07653809637125882
rain (mm),2020-12-26,2020-12-18,-0.0915282,-0.08546928,-0.10157426,-0.078028575,-0.1151284,-0.077398814,-0.08771274,-0.09935858,-0.09499353,-0.112509005,-0.0935055214483151,0.08748034604028525
rain (mm),2020-12-27,2020-12-18,-0.085145816,-0.08554313,-0.10450704,-0.07724766,-0.08853067,-0.06968679,-0.08220697,-0.09551294,-0.09016544,-0.08969802,-0.0935055214483151,0.20059651322066047
rain (mm),2020-12-28,2020-12-18,-0.09061683,-0.08810462,-0.10814326,-0.0780712,-0.06995645,-0.06852627,-0.08622016,-0.09158535,-0.096189596,-0.096586004,-0.008668396063033691,-0.03694743785812749
rain (mm),2020-12-29,2020-12-18,-0.1101472,-0.08909384,-0.08158727,-0.07811379,-0.107942976,-0.071312144,-0.09430675,-0.09463025,-0.09399481,-0.117378265,-0.0935055214483151,-0.08784971308929634
rain (mm),2020-12-30,2020-12-18,-0.085377164,-0.08692122,-0.057678692,-0.0794835,-0.11543656,-0.07353139,-0.084723935,-0.09073742,-0.09381792,-0.11395496,-0.0935055214483151,-0.0935055214483151
rain (mm),2020-12-31,2020-12-18,-0.07926073,-0.07880989,-0.06412969,-0.079410635,-0.12541918,-0.0703098,-0.07440208,-0.08367837,-0.090627395,-0.113344684,-0.0935055214483151,-0.0935055214483151
rain (mm),2021-01-01,2020-12-18,-0.08602041,-0.0792515,-0.041063074,-0.08037831,-0.113598384,-0.08114049,-0.08320831,-0.08503881,-0.09558402,-0.10242681,-0.0935055214483151,-0.0935055214483151
raining (s),2020-12-19,2020-12-18,-0.10289512,-0.18026052,-0.6209191,0.056660336,-0.14115326,-0.024983212,-0.22295663,-0.15505981,-0.29904917,-0.13085577,-0.2210504187684684,-0.2210504187684684
raining (s),2020-12-20,2020-12-18,-0.17504367,-0.18741235,-0.43661648,0.050997537,-0.14422058,-0.0021147132,-0.25867316,-0.17162693,-0.37484127,-0.04564075,0.2812563713926931,-0.2210504187684684
raining (s),2020-12-21,2020-12-18,0.13862827,-0.10488917,-0.20861608,0.04586829,-0.18028738,-0.006660238,-0.17581029,-0.104402564,-0.29328334,-0.22107054,0.06372193470872552,-0.08459699939397963
raining (s),2020-12-22,2020-12-18,0.2679595,-0.030627176,0.20506412,0.020392146,-0.15099314,0.0017807856,-0.09787624,-0.04797493,-0.13999936,-0.084099144,0.09931847889337476,0.17578512936410276
raining (s),2020-12-23,2020-12-18,0.005389655,-0.08089411,0.49523404,-0.005389627,-0.19828431,-0.0013034791,-0.14609647,-0.13741244,0.09466605,-0.049012035,1.8184997239593974,-0.2210504187684684
raining (s),2020-12-24,2020-12-18,0.20551059,-0.021910056,0.26384214,-0.019772878,-0.121087834,-0.002549693,-0.043347,-0.16977741,-0.18252368,-0.011496052,0.036035733676220566,-0.2210504187684684
raining (s),2020-12-25,2020-12-18,-0.13742414,-0.06665902,-0.40492314,-0.016265068,-0.19507433,-0.0018069595,-0.13153787,-0.25558746,-0.03744776,-0.31032115,0.6972085821429462,-0.11426078621452068
raining (s),2020-12-26,2020-12-18,-0.12360992,-0.09440954,-0.22259268,-0.019517459,-0.15832931,-0.0057733282,-0.12039924,-0.27617317,0.05732783,-0.40417504,-0.18809065563453392,0.8224556820518973
raining (s),2020-12-27,2020-12-18,0.033770785,-0.08121881,-0.39838475,-0.011333764,-0.12403779,0.0019386932,-0.029855067,-0.2325319,-0.26824474,-0.13501787,-0.2210504187684684,2.370905354084139
raining (s),2020-12-28,2020-12-18,-0.08108409,-0.12556955,-0.5516137,-0.021486422,-0.09598735,0.003099218,-0.09600287,-0.20184252,-0.27708364,-0.26418224,0.7736752326136743,0.21599604038750286
raining (s),2020-12-29,2020-12-18,-0.32767522,-0.15156515,-0.39961734,-0.021396363,-0.18889095,0.00031332672,-0.17637736,-0.21959254,-0.30828345,-0.41172406,-0.1953418035239995,-0.19072743668524866
raining (s),2020-12-30,2020-12-18,-0.13098891,-0.091238275,0.042048812,-0.036676694,-0.2264754,-0.0019059032,-0.06708065,-0.16418895,-0.23154709,-0.3821012,-0.2210504187684684,-0.20127456088810772
raining (s),2020-12-31,2020-12-18,-0.057859246,-0.041488275,0.1823945,-0.03426051,-0.2585975,0.0013156831,0.031914562,-0.07681057,-0.3505234,-0.3249959,-0.2210504187684684,-0.2210504187684684
raining (s),2021-01-01,2020-12-18,-0.1750612,-0.031840786,0.48550662,-0.04683258,-0.34482682,-0.009515002,-0.060272302,-0.11494402,-0.329362,-0.30228403,-0.2210504187684684,-0.2210504187684684
rh (%),2020-12-19,2020-12-18,1.2760661,1.416356,1.2812113,1.5991019,1.295563,1.2922492,1.390502,1.3593874,1.5083945,1.3284315,1.226492620065983,1.007685902145274
rh (%),2020-12-20,2020-12-18,1.3456932,1.3740726,1.4972879,1.5893453,1.3940208,0.93419737,1.3118311,1.3158768,1.4043182,1.3933479,1.0142547240121682,0.6758700575351608
rh (%),2020-12-21,2020-12-18,1.3655144,1.3148504,1.882313,1.6942906,1.5098796,0.9411448,1.2797196,1.3595772,1.3312759,1.3489468,1.4854732097657037,0.7701885489199971
rh (%),2020-12-22,2020-12-18,1.6445949,1.2941753,1.880821,1.7195055,1.4663935,0.8330916,1.2431191,1.3758599,1.4537556,1.4617141,1.0272733639724825,0.7128635819502631
rh (%),2020-12-23,2020-12-18,1.2342402,1.2817061,1.2019771,1.646954,1.1408623,0.94831246,1.2730356,1.2909373,1.3999262,1.2478687,1.6791236278329493,0.47414408379287415
rh (%),2020-12-24,2020-12-18,1.410666,1.2951449,1.2902012,1.8552525,0.9896654,0.9227643,1.2910206,1.3007373,1.4898357,1.3067065,0.9898133012652871,0.831986359198053
rh (%),2020-12-25,2020-12-18,1.1781796,1.3682915,1.3403399,1.8235501,0.8751351,0.85834527,1.3001143,1.2663025,1.3303195,1.2443283,1.2119151497805,0.9459549991236709
rh (%),2020-12-26,2020-12-18,1.0652663,1.3136019,1.3733196,1.8078992,0.98051137,0.86768115,1.2712556,1.2502296,1.4334762,1.1738198,1.0359635653339323,0.9231168389202529
rh (%),2020-12-27,2020-12-18,1.1375978,1.276195,1.5369518,1.7381527,0.92464525,0.8239175,1.2919445,1.2871509,1.4803365,1.2801529,-0.08454662904327341,1.3063002894927784
rh (%),2020-12-28,2020-12-18,1.3254029,1.3127147,0.9757052,1.9302206,0.89753294,0.8036643,1.3606275,1.3106955,1.6852951,1.3969955,0.6602151059560345,0.6500364252817159
rh (%),2020-12-29,2020-12-18,1.304913,1.3142973,1.1480237,1.9637635,1.0190628,0.892213,1.2811747,1.2985839,1.6073804,1.3620008,1.3305158484633288,0.37885548897527266
rh (%),2020-12-30,2020-12-18,1.4768428,1.2533423,1.5585039,2.0978637,1.0968882,0.95515674,1.195885,1.3334944,1.6246867,1.3076125,1.098712965620464,0.544121124921992
rh (%),2020-12-31,2020-12-18,1.5454658,1.3501819,2.2799973,2.2085178,1.0700183,0.8160249,1.3142929,1.3725371,1.4848315,1.2897451,0.8539358750355794,0.8972276663939396
rh (%),2021-01-01,2020-12-18,1.4420108,1.3357856,1.6150897,2.1796632,1.3384933,0.8740469,1.3086559,1.351227,1.6956295,1.2239299,0.7928489802502373,-0.03451965392842537
rho (g/m**3),2020-12-19,2020-12-18,1.0658803,1.0877203,1.040472,1.1400423,1.2579727,1.0928847,1.0181489,0.87587345,1.0850652,1.0053055,1.059819527228699,2.035556979042206
rho (g/m**3),2020-12-20,2020-12-18,0.9151838,0.88170755,0.7637172,1.1363994,1.0794759,0.71859854,0.91359365,0.792188,0.58015484,0.9326135,1.136790383956778,1.915846220277586
rho (g/m**3),2020-12-21,2020-12-18,0.9222779,0.81620437,0.8014694,1.1253927,1.2852848,0.7343893,0.80061877,0.74766237,0.6682523,0.8371865,1.0292603057301741,0.9281605794485501
rho (g/m**3),2020-12-22,2020-12-18,1.042366,0.762948,0.9559319,1.1014969,1.3439329,0.65563977,0.7193176,0.6984218,0.7628324,0.96170354,-0.08755774743396262,1.2046492951628212
rho (g/m**3),2020-12-23,2020-12-18,0.79903406,0.7469496,0.88877165,1.072806,0.90037084,0.7395793,0.7353329,0.7114445,0.68087727,0.8281074,-0.001847084700664725,1.6331971361893585
rho (g/m**3),2020-12-24,2020-12-18,0.91396886,0.7981919,0.85543036,1.0541203,0.6813757,0.71244955,0.7810256,0.69601536,0.58348703,0.9071156,0.3242328700559542,1.4451681726781962
rho (g/m**3),2020-12-25,2020-12-18,0.72047544,0.8040549,0.8469735,1.0570861,1.051842,0.6408103,0.73995745,0.6447373,0.6585645,0.72741205,1.2701914554553546,1.4070785986041026
rho (g/m**3),2020-12-26,2020-12-18,0.69223195,0.76375026,0.70411056,1.0552481,1.2101848,0.66796935,0.73199487,0.6479173,0.6916853,0.711637,1.5674871482715944,1.0894246851620544
rho (g/m**3),2020-12-27,2020-12-18,0.79078007,0.7383404,0.8436019,1.069238,1.2056245,0.63434803,0.7885347,0.7036605,0.7750468,0.82173586,0.7195198296604154,0.5187633298314877
rho (g/m**3),2020-12-28,2020-12-18,0.92053676,0.75503623,1.0106041,1.059826,0.88499594,0.6299369,0.7695228,0.7957582,0.7882361,0.94942355,0.08630437545174902,0.4078730506736348
rho (g/m**3),2020-12-29,2020-12-18,0.75828147,0.74840105,0.7794161,1.057181,0.7816947,0.694958,0.695823,0.70385003,0.56383866,0.8353509,0.28665407571082424,1.4534336832208068
rho (g/m**3),2020-12-30,2020-12-18,0.72649264,0.7281243,0.6255412,1.0358932,0.84575945,0.7487569,0.7051169,0.64749014,0.69087726,0.8929091,0.5941398241198749,1.3811966600522239
rho (g/m**3),2020-12-31,2020-12-18,0.7296752,0.79757005,0.69984716,1.0313995,1.1165295,0.58807117,0.6480757,0.7042513,0.8852371,0.8605221,0.8019250178619963,1.0426044261493308
rho (g/m**3),2021-01-01,2020-12-18,0.78240764,0.76206976,0.77615154,1.0225952,1.378926,0.67278934,0.7763325,0.7378919,0.8669888,0.78288794,0.7606795547482403,0.4281364122069212
sh (g/kg),2020-12-19,2020-12-18,-0.60342073,-0.5697907,-0.568788,-0.6694294,-0.7869487,-0.7099055,-0.5932987,-0.5680051,-0.52864254,-0.5692372,-0.6011005508437207,-1.0998911495543298
sh (g/kg),2020-12-20,2020-12-18,-0.54826206,-0.53781885,-0.3836589,-0.6796401,-0.847198,-0.687037,-0.56059307,-0.56741434,-0.21088779,-0.60029,-0.7152174903532649,-1.21640440551722
sh (g/kg),2020-12-21,2020-12-18,-0.65153515,-0.5520004,-0.54731476,-0.65185213,-0.8321394,-0.6915825,-0.5838463,-0.5617882,-0.46740174,-0.6301881,-0.4628258414836449,-0.6250350969482001
sh (g/kg),2020-12-22,2020-12-18,-0.6247934,-0.5312371,-0.44086054,-0.6692754,-0.856171,-0.68314147,-0.5512811,-0.5506922,-0.56045306,-0.6336374,0.401818937530095,-0.7732556643268214
sh (g/kg),2020-12-23,2020-12-18,-0.5534464,-0.52112216,-0.6537178,-0.69508034,-0.62145865,-0.6862258,-0.51205856,-0.56403166,-0.81956923,-0.59568346,0.5450541745802183,-0.9641119672014011
sh (g/kg),2020-12-24,2020-12-18,-0.6065246,-0.56452537,-0.5858827,-0.65868086,-0.620409,-0.687472,-0.5432729,-0.59161985,-0.24882701,-0.6166983,-0.3070156667392511,-0.8530457522212364
sh (g/kg),2020-12-25,2020-12-18,-0.7430466,-0.5309365,-0.37785596,-0.66070783,-0.60928285,-0.68672925,-0.541528,-0.6262215,-0.5600488,-0.6609063,-0.8305001538699702,-0.8281191005787474
sh (g/kg),2020-12-26,2020-12-18,-0.71383804,-0.55887806,-0.47900015,-0.66893464,-0.5827402,-0.6906956,-0.54864216,-0.6249614,-0.64519656,-0.6897718,-1.0406033041819347,-0.5833666643518006
sh (g/kg),2020-12-27,2020-12-18,-0.6225308,-0.56827056,-0.44425344,-0.6879576,-0.5303699,-0.6829836,-0.57748383,-0.58762985,-0.7583028,-0.621315,-1.2381315167996285,-0.057649939760560244
sh (g/kg),2020-12-28,2020-12-18,-0.59438366,-0.5715979,-0.53159636,-0.66214705,-0.62647307,-0.6818231,-0.522561,-0.5680006,-0.9577566,-0.5989087,-0.9378955783594998,-0.24287604370693616
sh (g/kg),2020-12-29,2020-12-18,-0.6622709,-0.55123156,-0.36139676,-0.6501768,-0.7391604,-0.68460894,-0.5564899,-0.60144985,-0.6036645,-0.6453456,-0.7478329599153276,-0.9331582744155045
sh (g/kg),2020-12-30,2020-12-18,-0.6123252,-0.57890695,-0.47939438,-0.6242502,-0.6742973,-0.6868282,-0.57921135,-0.6144523,-0.74175906,-0.7033851,-0.7369942069125737,-0.9753227597809087
sh (g/kg),2020-12-31,2020-12-18,-0.57595897,-0.5342559,-0.42419195,-0.5877118,-0.54504526,-0.6836066,-0.53030145,-0.5968655,-0.71537805,-0.6622437,-0.8955574745249439,-0.6784351775315622
sh (g/kg),2021-01-01,2020-12-18,-0.6413419,-0.53677166,-0.41669786,-0.6101582,-0.54823846,-0.69443727,-0.53743947,-0.57059616,-0.9083743,-0.61032873,-0.894937408563688,-0.6949041294625201
wd (deg),2020-12-19,2020-12-18,0.052157428,0.046833146,0.048013713,-0.20227475,0.006414596,-0.092169896,0.029063653,-0.0028242879,0.028516602,0.19303355,-0.012679323360701508,-0.03255872279729448
wd (deg),2020-12-20,2020-12-18,-0.06987986,0.016600002,0.071716055,-0.22213402,-0.14218678,-0.08161964,0.012369592,-0.027902681,0.16922289,0.021971434,-0.02821895339953996,-0.12343871522334128
wd (deg),2020-12-21,2020-12-18,-0.09035511,-0.013060551,0.018020798,-0.19738747,-0.1255344,-0.085534416,-0.024962978,-0.09359428,-0.10733569,-0.06006222,0.08953806323341539,0.19182652007796686
wd (deg),2020-12-22,2020-12-18,-0.08526423,-0.005670052,-0.038587052,-0.24510697,-0.05040142,-0.079797715,-0.04451723,-0.09933217,-0.07333807,-0.08266637,0.3171026094984712,0.8337513884721652
wd (deg),2020-12-23,2020-12-18,-0.18184581,-0.025279906,-0.0361935,-0.26839972,0.028456654,-0.08018283,-0.059578847,-0.13040534,0.11080988,-0.27294204,0.1806605053383431,0.5096391048049633
wd (deg),2020-12-24,2020-12-18,-0.13831732,-0.019209027,-0.03369375,-0.26653722,-0.0040191635,-0.08223185,-0.048488505,-0.09388244,0.16803744,-0.17132421,0.6195903720222122,0.08649162497040569
wd (deg),2020-12-25,2020-12-18,-0.25371382,-0.019485664,0.04123048,-0.25816843,-0.07407935,-0.08373413,-0.0347481,-0.083178505,0.21984166,-0.18292178,0.8144354526546183,0.23026754014166903
wd (deg),2020-12-26,2020-12-18,-0.308231,0.0011275299,0.0018446334,-0.27098396,-0.03574691,-0.086735114,-0.023708502,-0.0586054,0.17547317,-0.17208126,0.21243210145115224,-0.025822528438257625
wd (deg),2020-12-27,2020-12-18,-0.32956898,-0.002264332,0.04572246,-0.29066405,0.017016277,-0.08030509,-0.03359841,-0.041638877,-0.17520374,-0.13416302,0.10560073837376663,0.18147821248941046
wd (deg),2020-12-28,2020-12-18,-0.13683592,-0.0068716705,0.069251664,-0.31029618,-0.0054023713,-0.07931738,-0.012431994,0.008108709,0.039466906,-0.018880818,0.03180745924277689,0.5058699859055122
wd (deg),2020-12-29,2020-12-18,-0.17331652,-0.03753684,0.045553867,-0.2949929,-0.06742142,-0.080000155,-0.023669792,-0.079686165,-0.005461812,-0.13168532,0.20687504670088105,0.666616518629982
wd (deg),2020-12-30,2020-12-18,0.067887306,-0.023780208,0.11196819,-0.2850483,0.096990906,-0.08048191,-0.03677203,-0.08814725,-0.20424251,-0.058888953,0.2245316119521019,0.18349852410288742
wd (deg),2020-12-31,2020-12-18,0.3684285,-0.072368905,0.10468787,-0.24303947,0.10250887,-0.082344115,-0.1263264,-0.08064857,-0.3769632,0.029733717,0.10351973755767142,0.14346121830189656
wd (deg),2021-01-01,2020-12-18,0.10087423,-0.040782,0.11257872,-0.2831552,-0.013964757,-0.090211235,-0.071537524,-0.09671505,-0.05093202,-0.10027152,0.5210742282456711,0.13917943534874896
wv (m/s),2020-12-19,2020-12-18,-0.0024373867,-0.0034164058,-0.042879425,0.004580004,-0.0050291354,-0.018547945,-0.0061638495,-0.0009795842,-0.012247411,-0.0010917569,0.0095053260833057,-0.0223444025152541
wv (m/s),2020-12-20,2020-12-18,-0.017840149,-0.0037647393,-0.035337035,0.0044540726,-0.006158977,0.0043205544,-0.0068313517,-0.0019285358,-0.0025836779,-0.009657284,0.015484813330811765,-0.014856485870031019
wv (m/s),2020-12-21,2020-12-18,-0.009872029,0.00039416552,-0.022232102,0.004073579,-0.005336294,-0.00022497028,-0.0020873393,0.001052144,0.009434962,-0.0038899896,0.009412021556483274,0.03799919565306442
wv (m/s),2020-12-22,2020-12-18,-0.018078087,-0.0035752773,-0.043273754,0.0032475258,-0.0032965865,0.008216053,-0.0061796857,0.0015092003,-0.0041274815,-0.012292689,0.030853401820277945,0.006031731841887773
wv (m/s),2020-12-23,2020-12-18,-0.017746316,-0.0038594357,-0.031729694,0.002255706,-0.006130155,0.0051317886,-0.004364837,-0.00080504594,-0.009499824,-0.016298,-0.0034733335976944394,-0.002992148823653047
wv (m/s),2020-12-24,2020-12-18,-0.0063837413,-0.0035695708,-0.022762274,0.0016097585,-0.0076702703,0.0038855746,-0.0019183151,-0.0027698094,0.01560461,-0.010904912,0.01483834625211352,-0.007397455411483545
wv (m/s),2020-12-25,2020-12-18,-0.013900031,-0.004847286,-0.030425446,0.0017122864,0.001074859,0.004628308,-0.005421769,-0.006003832,0.027525133,-0.017067542,-0.010155270639992237,-0.008534437716905447
wv (m/s),2020-12-26,2020-12-18,-0.009706951,-0.002501473,-0.02066872,0.0016487462,0.005240447,0.00066194683,-0.0035394416,-0.005884796,0.014548916,-0.0076048616,0.016912372591194994,0.00740064254255401
wv (m/s),2020-12-27,2020-12-18,-0.018545944,-0.0034276973,-0.035572544,0.0021323618,0.0030503068,0.008373953,-0.0052713333,-0.004316663,-0.009724005,-0.014442738,0.07144486975347072,0.01638453555374238
wv (m/s),2020-12-28,2020-12-18,-0.013305257,-0.0051267007,-0.022296537,0.001807001,0.0019531331,0.009534486,-0.007326801,-0.0027221956,-0.015153169,-0.008554043,0.006860809208795672,0.02851678988428192
wv (m/s),2020-12-29,2020-12-18,-0.007749101,-0.0013373513,-0.017657623,0.0017155651,0.0044178553,0.0067486092,-0.0020383154,-0.0036559592,-0.011140579,-0.0066575576,0.020621893993292503,-0.00017301919180387224
wv (m/s),2020-12-30,2020-12-18,-0.00901509,-8.513965e-05,-0.010183734,0.0009796666,0.004020473,0.0045293644,-0.0025692512,-0.002508688,-0.0058246544,0.0017351289,0.007203370114415168,0.019149015391309837
wv (m/s),2020-12-31,2020-12-18,-0.007438833,-0.006416913,-0.005490821,0.0008243234,0.004619646,0.0077509508,-0.00832843,-0.00021669269,-0.014562801,-0.0015472244,-0.002632259934480813,0.018793125267572843
wv (m/s),2021-01-01,2020-12-18,0.005550461,-0.003246794,0.0036375704,0.0005199652,0.0033158483,-0.0030797422,-0.0032877438,0.00022644782,-0.010110313,-0.0023081405,-0.0264382434923182,0.042129920347674606
