unique_id,ds,cutoff,AutoTFT,AutoNBEATS,AutoTiDE,AutoNLinear,AutoKAN,AutoMLP,AutoDLinear,AutoNHITS,AutoDeepNPTS,AutoPatchTST,y,fold,SeasonalNaive
H2OC (mmol/mol),2020-12-05,2020-12-04,0.0024306476,-1.1373001,-0.98214364,-0.9779677,-1.3121648,-0.7952833,-1.0294998,-0.76940376,-1.0107981,-0.9959016,-0.8336953984947091,0,-1.101778028921377
H2OC (mmol/mol),2020-12-06,2020-12-04,0.0013188273,-1.045002,-0.92321044,-0.931268,-1.1274427,-0.8078547,-0.99487877,-0.76405525,-0.9619081,-0.9534827,-0.6954270562409736,0,-1.2188203567419724
H2OC (mmol/mol),2020-12-07,2020-12-04,0.0011837184,-0.9027152,-0.8156471,-0.8932123,-0.82513195,-0.8200772,-0.8958909,-0.76775205,-0.9304891,-0.8439019,-0.6352264767905628,0,-0.6248143290004065
H2OC (mmol/mol),2020-12-08,2020-12-04,0.0011657029,-0.74042386,-0.92041683,-0.9108498,-1.0170794,-0.71934545,-0.89399326,-0.75922674,-0.92061204,-0.91236305,-0.7347722126139411,0,-0.7734014365529068
H2OC (mmol/mol),2020-12-09,2020-12-04,0.001163274,-0.85879225,-0.9563383,-0.96109414,-0.8780041,-0.651834,-1.0304936,-0.7607145,-0.9328209,-0.82813454,-0.6153048786270349,0,-0.9651623826254276
H2OC (mmol/mol),2020-12-10,2020-12-04,0.0011629313,-0.92699915,-1.1014059,-0.91332996,-0.90969944,-0.7180524,-1.033442,-0.7637991,-0.9321964,-0.9769066,-0.6154449523641223,0,-0.8538037616410201
H2OC (mmol/mol),2020-12-11,2020-12-04,0.0011628419,-0.89533895,-0.9697922,-0.89650524,-1.1462829,-0.7019034,-0.9495092,-0.76750994,-0.89478314,-0.965456,-0.7096678861781829,0,-0.8287461264509576
H2OC (mmol/mol),2020-12-12,2020-12-04,0.0011628717,-0.60371554,-0.92194396,-0.96795475,-0.941456,-0.69541496,-0.94771147,-0.7668754,-0.94679546,-0.9258997,-0.6184331920886514,0,-0.5829478453598674
H2OC (mmol/mol),2020-12-13,2020-12-04,0.0011628717,-0.56746155,-1.0241339,-0.97366077,-1.1091663,-0.6368786,-1.0823492,-0.76188964,-0.9505024,-1.04244,-0.36278305815575407,0,-0.056208338917338625
H2OC (mmol/mol),2020-12-14,2020-12-04,0.0011628419,-0.80994844,-0.93173283,-0.9400812,-0.93003315,-0.67920244,-0.9017108,-0.75888324,-0.9329292,-0.8987552,-0.4939543310637328,0,-0.2418682955522791
H2OC (mmol/mol),2020-12-15,2020-12-04,0.0011628419,-0.5311299,-0.8642814,-0.9161718,-0.94368654,-0.7408729,-0.8775392,-0.7597163,-0.9065813,-0.8172191,-0.49624220210282544,0,-0.9342839054719596
H2OC (mmol/mol),2020-12-16,2020-12-04,0.0011628121,-0.5249498,-0.90180504,-0.9015933,-0.8307909,-0.69440585,-0.90697724,-0.7610686,-0.8950298,-0.87435436,-0.10963868774186292,0,-0.976477227832369
H2OC (mmol/mol),2020-12-17,2020-12-04,0.001162827,-0.12095104,-0.8844656,-0.8775167,-0.7907789,-0.63572866,-0.77050364,-0.7674828,-0.8771663,-0.8488704,-0.4064238091327323,0,-0.6784470065562791
H2OC (mmol/mol),2020-12-18,2020-12-04,0.0011627972,-0.21408856,-0.83317524,-0.89827174,-0.973149,-0.669308,-0.78997207,-0.7644067,-0.8915186,-0.86133605,-0.5754772460485444,0,-0.6948823250411896
OT,2020-12-05,2020-12-04,0.0026134253,0.05545205,0.06385335,0.07402596,0.05855505,0.09271836,0.07104179,0.07626093,0.073848754,0.07360683,0.09480541995557776,0,0.062237962104810675
OT,2020-12-06,2020-12-04,0.0014832467,0.06756638,0.061053704,0.069488056,0.06640622,0.06292324,0.057252776,0.08160944,0.073318765,0.07797645,0.13654727970564184,0,0.08652722366994825
OT,2020-12-07,2020-12-04,0.0013455898,0.061320577,0.07089982,0.06642716,0.048649862,0.05235176,0.03112879,0.077912614,0.07260668,0.05733452,0.09924384986270794,0,0.04627388381131372
OT,2020-12-08,2020-12-04,0.0013272464,0.07059645,0.070872106,0.06717154,0.044179074,0.049197003,0.063408546,0.08643795,0.07393794,0.057706684,0.09351585168997718,0,0.024172166832857837
OT,2020-12-09,2020-12-04,0.001324743,0.07928051,0.05848168,0.071837775,0.047925122,0.045001354,0.049306475,0.08495021,0.08037769,0.053197578,0.13995116115846132,0,0.02312857512282764
OT,2020-12-10,2020-12-04,0.0013244152,0.060099095,0.057314113,0.06629752,0.06747604,0.03338642,0.03838074,0.08186564,0.07675669,0.058083065,0.11066548183643535,0,0.055765685014500015
OT,2020-12-11,2020-12-04,0.0013243705,0.07904831,0.0648269,0.07567689,0.071179226,0.082083516,0.06294312,0.078154735,0.07952397,0.09605558,0.10887310855283061,0,0.06304188856640901
OT,2020-12-12,2020-12-04,0.0013243407,0.055590954,0.06909074,0.07287493,0.07018163,0.07777016,0.06302881,0.07878931,0.07721908,0.07335167,0.0789363148190007,0,0.055304478972805556
OT,2020-12-13,2020-12-04,0.0013243705,0.074380375,0.07790604,0.06829058,0.071720906,0.0854432,0.06305838,0.08377507,0.07440168,0.06383459,0.10960922956839785,0,0.06968868152024087
OT,2020-12-14,2020-12-04,0.0013243407,0.059817865,0.079412736,0.07077889,0.041813347,0.069306076,0.08252788,0.08678144,0.070132114,0.06297586,0.07827615715147725,0,0.030348710489275756
OT,2020-12-15,2020-12-04,0.0013243407,0.06832631,0.07170414,0.0751556,0.060233954,0.053942136,0.073696926,0.08594835,0.07052974,0.06860063,0.06930705612887801,0,0.02430781566865034
OT,2020-12-16,2020-12-04,0.0013243407,0.052099757,0.07730004,0.07068986,0.058095343,0.05475182,0.05719682,0.084596105,0.07100806,0.06360376,0.08633008069526317,0,0.04054588563858297
OT,2020-12-17,2020-12-04,0.0013243258,0.05541167,0.07235761,0.07170378,0.057795573,0.061476395,0.05504461,0.07818188,0.07462588,0.06752347,0.07630111010233863,0,0.045995351535153155
OT,2020-12-18,2020-12-04,0.0013243258,0.038403578,0.0661048,0.06568163,0.05530407,0.051834576,0.06588651,0.08125803,0.07315841,0.07269162,0.08950607210395127,0,0.04284287259133575
PAR (�mol/m�/s),2020-12-05,2020-12-04,0.0024962872,-0.51396173,-0.5356703,-0.5584834,-0.5533328,-0.59355587,-0.56644624,-0.50823766,-0.5564024,-0.57749337,-0.6037034631833689,0,-0.4746432103567496
PAR (�mol/m�/s),2020-12-06,2020-12-04,0.0013778955,-0.5550291,-0.5329576,-0.5554595,-0.5881973,-0.6376014,-0.55468005,-0.50288916,-0.53979766,-0.59061193,-0.6083283890320873,0,-0.47257423376973445
PAR (�mol/m�/s),2020-12-07,2020-12-04,0.0012418479,-0.5272673,-0.52151215,-0.54825,-0.66092545,-0.6726234,-0.58787674,-0.50658596,-0.5404368,-0.5824827,-0.5707960445531114,0,-0.6257479737249639
PAR (�mol/m�/s),2020-12-08,2020-12-04,0.0012237281,-0.5054168,-0.55793124,-0.5556216,-0.73762906,-0.62488616,-0.56047964,-0.49806064,-0.55050266,-0.56530887,-0.49396355142835957,0,-0.6392157779744742
PAR (�mol/m�/s),2020-12-09,2020-12-04,0.0012212545,-0.4729365,-0.51901424,-0.5385384,-0.6872498,-0.65665305,-0.53677213,-0.49954838,-0.5452411,-0.54775774,-0.6183260152155229,0,-0.5400847683716135
PAR (�mol/m�/s),2020-12-10,2020-12-04,0.0012208968,-0.46790332,-0.5541784,-0.5631195,-0.5670375,-0.72410715,-0.58740646,-0.502633,-0.5527314,-0.5612115,-0.6494240866519807,0,-0.5951573206897194
PAR (�mol/m�/s),2020-12-11,2020-12-04,0.001220867,-0.5265378,-0.5741821,-0.563456,-0.5810432,-0.6675274,-0.55573905,-0.50634384,-0.5599485,-0.581891,-0.6398809115103334,0,-0.5883697835497483
PAR (�mol/m�/s),2020-12-12,2020-12-04,0.0012208521,-0.46375498,-0.54126626,-0.55175734,-0.58661807,-0.6788556,-0.5599214,-0.50570935,-0.55216014,-0.5361915,-0.5876122167788143,0,-0.6332982705142441
PAR (�mol/m�/s),2020-12-13,2020-12-04,0.0012208372,-0.40473315,-0.5521758,-0.5470449,-0.60774934,-0.6861482,-0.60891306,-0.50072354,-0.5467698,-0.57051075,-0.610262662042794,0,-0.636776015345951
PAR (�mol/m�/s),2020-12-14,2020-12-04,0.0012208521,-0.599978,-0.5510269,-0.55474913,-0.6270911,-0.77197754,-0.5785459,-0.49771714,-0.54852843,-0.57038796,-0.5017653318989428,0,-0.608379724344023
PAR (�mol/m�/s),2020-12-15,2020-12-04,0.0012208521,-0.54459655,-0.58276856,-0.54244196,-0.6379443,-0.83426195,-0.58025086,-0.49855024,-0.53617877,-0.57360667,-0.6048947094825912,0,-0.49037571757510307
PAR (�mol/m�/s),2020-12-16,2020-12-04,0.0012208372,-0.48546928,-0.552314,-0.5515947,-0.5613355,-0.75989974,-0.5610274,-0.4999025,-0.5496157,-0.5373537,-0.5054545010644884,0,-0.5083831361000285
PAR (�mol/m�/s),2020-12-17,2020-12-04,0.0012208372,-0.42074922,-0.5410361,-0.5406791,-0.6566888,-0.6702145,-0.5612325,-0.5063167,-0.5333898,-0.53376204,-0.5534914450242524,0,-0.562101830841798
PAR (�mol/m�/s),2020-12-18,2020-12-04,0.0012208372,-0.46881583,-0.51880276,-0.5393696,-0.61322445,-0.68160605,-0.5173709,-0.5032406,-0.53482133,-0.4689287,-0.49099648909284466,0,-0.5368501986158098
SWDR (W/m�),2020-12-05,2020-12-04,0.0024973303,-0.50582975,-0.5256933,-0.55208355,-0.55420834,-0.58410007,-0.55923367,-0.48869753,-0.54926723,-0.5748747,-0.5991400597162324,0,-0.4311250435777492
SWDR (W/m�),2020-12-06,2020-12-04,0.0013788193,-0.5515396,-0.5222042,-0.5482038,-0.58803546,-0.63005793,-0.545944,-0.48334903,-0.530649,-0.58701795,-0.6038876164265815,0,-0.39442683363066283
SWDR (W/m�),2020-12-07,2020-12-04,0.0012427717,-0.5249012,-0.51199085,-0.53947616,-0.67333513,-0.6657793,-0.58495635,-0.48704582,-0.5316631,-0.5800512,-0.5653781376484607,0,-0.6243142670974572
SWDR (W/m�),2020-12-08,2020-12-04,0.0012246668,-0.5025717,-0.55121565,-0.5466012,-0.7464018,-0.6191578,-0.5549571,-0.4785205,-0.5422724,-0.56197965,-0.4808428939109974,0,-0.6390943964787329
SWDR (W/m�),2020-12-09,2020-12-04,0.0012221783,-0.47016346,-0.5042945,-0.5275027,-0.7044511,-0.6527157,-0.52532655,-0.48000824,-0.5360591,-0.5422146,-0.6157504007109745,0,-0.5397970550015058
SWDR (W/m�),2020-12-10,2020-12-04,0.0012218207,-0.46690893,-0.54246885,-0.55568147,-0.56674355,-0.7198839,-0.5829037,-0.4830928,-0.544796,-0.5564438,-0.6455049358691712,0,-0.5927266119965178
SWDR (W/m�),2020-12-11,2020-12-04,0.0012218058,-0.5305946,-0.56755865,-0.5565826,-0.583174,-0.66199994,-0.5475431,-0.4868037,-0.5534479,-0.5804948,-0.6351317978400103,0,-0.5879403745067961
SWDR (W/m�),2020-12-12,2020-12-04,0.0012217611,-0.46844757,-0.5313129,-0.54226756,-0.58537817,-0.6719282,-0.5512247,-0.48616916,-0.54425395,-0.5250465,-0.5841234831648074,0,-0.6317814025139123
SWDR (W/m�),2020-12-13,2020-12-04,0.0012217909,-0.40641367,-0.5409665,-0.53711724,-0.6035086,-0.6805846,-0.6028283,-0.48118338,-0.5376708,-0.5596728,-0.6076224928829833,0,-0.6354909765056119
SWDR (W/m�),2020-12-14,2020-12-04,0.0012217611,-0.5974817,-0.5433208,-0.54711556,-0.612639,-0.76744854,-0.5729214,-0.478177,-0.5402285,-0.56210446,-0.4935173928963574,0,-0.608186708762552
SWDR (W/m�),2020-12-15,2020-12-04,0.0012217611,-0.54312587,-0.5812395,-0.53369236,-0.6400091,-0.8303962,-0.57692724,-0.4790101,-0.5268532,-0.5694886,-0.6030427467718666,0,-0.4876873560294338
SWDR (W/m�),2020-12-16,2020-12-04,0.0012217611,-0.4841419,-0.54776496,-0.54349154,-0.5537649,-0.7566771,-0.5560264,-0.48036236,-0.54142594,-0.53261346,-0.49926105238377994,0,-0.5047452888997719
SWDR (W/m�),2020-12-17,2020-12-04,0.0012217909,-0.42240146,-0.53527856,-0.5314426,-0.6677724,-0.6679129,-0.5603735,-0.4867766,-0.5236068,-0.52781135,-0.5461616427893814,0,-0.5656096406588405
SWDR (W/m�),2020-12-18,2020-12-04,0.0012217611,-0.46350938,-0.50810546,-0.5294348,-0.61777604,-0.6789222,-0.50878847,-0.48370042,-0.52502495,-0.4574182,-0.48083794975122796,0,-0.5377309778837454
T (degC),2020-12-05,2020-12-04,0.0023985952,-1.2943841,-1.3263142,-1.2898353,-1.3238972,-1.0905862,-1.3571756,-0.9613658,-1.3289967,-1.3027946,-1.2686269949042028,0,-1.6185871529877782
T (degC),2020-12-06,2020-12-04,0.0012900084,-1.2344507,-1.2332731,-1.2784595,-1.016943,-1.1007035,-1.2866399,-0.9560173,-1.3056016,-1.2469236,-1.342548262975418,0,-1.6888247776123284
T (degC),2020-12-07,2020-12-04,0.0011552721,-1.1236402,-1.2306876,-1.2731204,-1.1797704,-1.10803,-1.1709062,-0.9597141,-1.3026152,-1.0128214,-1.1254450255656783,0,-0.9255085091247651
T (degC),2020-12-08,2020-12-04,0.0011373311,-0.9547968,-1.3678529,-1.3387673,-1.400225,-0.9806354,-1.2710186,-0.9511888,-1.3357575,-1.1741408,-1.164798923635724,0,-1.061591661458885
T (degC),2020-12-09,2020-12-04,0.0011348873,-0.96693844,-1.4544607,-1.3753085,-1.3265098,-0.9047158,-1.485372,-0.95267653,-1.3720568,-1.1449828,-1.2858566965055145,0,-1.197620830393732
T (degC),2020-12-10,2020-12-04,0.0011346191,-1.0717009,-1.5435688,-1.3363537,-1.5296453,-1.0030434,-1.4178298,-0.9557611,-1.3452281,-1.2414663,-1.2915609423620322,0,-1.2093982086684667
T (degC),2020-12-11,2020-12-04,0.0011345297,-0.97730815,-1.4027154,-1.3403797,-1.5924509,-0.996131,-1.4438137,-0.959472,-1.3318576,-1.3449733,-1.2822218142877966,0,-1.2357780964465583
T (degC),2020-12-12,2020-12-04,0.0011345297,-0.90406317,-1.3783731,-1.3915437,-1.5600994,-0.99519104,-1.4883085,-0.95883745,-1.3593205,-1.2970979,-1.1699453410330871,0,-0.9256704593225843
T (degC),2020-12-13,2020-12-04,0.0011345297,-0.86007494,-1.523146,-1.3655695,-1.4449214,-0.9327529,-1.6054431,-0.9538517,-1.3513051,-1.453709,-0.945446377922941,0,-0.5716473268899928
T (degC),2020-12-14,2020-12-04,0.0011345148,-1.0619748,-1.3307709,-1.3265309,-1.3169764,-0.9946459,-1.3257204,-0.9508453,-1.3014333,-1.1627548,-0.9216307016103185,0,-0.472965673018877
T (degC),2020-12-15,2020-12-04,0.0011345148,-0.97819626,-1.2617768,-1.307627,-1.3215384,-1.0630804,-1.3009529,-0.9516784,-1.285044,-1.1426139,-0.7860244026364439,0,-1.112965863100394
T (degC),2020-12-16,2020-12-04,0.001134485,-0.81494534,-1.2581924,-1.3073642,-1.18839,-0.9735775,-1.2518587,-0.95303065,-1.3055528,-1.1774623,-0.587239532046689,0,-1.2612312692037966
T (degC),2020-12-17,2020-12-04,0.001134485,-0.6212593,-1.2170185,-1.2718186,-1.0290382,-0.8733945,-1.0290669,-0.9594449,-1.2791666,-0.8845644,-0.8813051023533582,0,-1.0292376108279102
T (degC),2020-12-18,2020-12-04,0.0011344701,-0.7244018,-1.2492851,-1.3015914,-1.3027767,-0.90039325,-1.1758275,-0.9563687,-1.3144104,-1.0114067,-1.1199387188398284,0,-0.6075282929401395
Tdew (degC),2020-12-05,2020-12-04,0.0024098903,-1.3864777,-1.0996296,-1.1091235,-1.5376103,-0.8468102,-1.1850693,-0.9126691,-1.1610701,-1.1333944,-0.8683070567564664,0,-1.24429679148814
Tdew (degC),2020-12-06,2020-12-04,0.001300171,-1.2057241,-1.0070316,-1.0199509,-1.3421457,-0.8564304,-1.117086,-0.9073206,-1.0713516,-1.0582772,-0.6632740325033286,0,-1.4988969406325632
Tdew (degC),2020-12-07,2020-12-04,0.0011653155,-0.9553241,-0.8310596,-0.9520745,-0.8961622,-0.8613523,-0.9788062,-0.9110174,-1.0207118,-0.9270562,-0.5790414042329286,0,-0.5364148171933996
Tdew (degC),2020-12-08,2020-12-04,0.0011473447,-1.1559658,-0.9857964,-0.9672593,-1.0644941,-0.7427759,-0.96001613,-0.9024921,-0.9969256,-1.0214441,-0.7074368095495744,0,-0.7253017324948207
Tdew (degC),2020-12-09,2020-12-04,0.0011449009,-1.2890998,-1.0405024,-1.0471368,-0.856763,-0.66677797,-1.1595366,-0.90397984,-1.008981,-0.8925468,-0.5365437282429144,0,-1.004426382456535
Tdew (degC),2020-12-10,2020-12-04,0.0011446029,-1.3459593,-1.2665511,-0.98211527,-0.9853043,-0.7083748,-1.1901225,-0.90706444,-1.016614,-1.1465616,-0.5359421433451791,0,-0.8405696959358857
Tdew (degC),2020-12-11,2020-12-04,0.0011445433,-1.2399,-1.0551686,-0.95137334,-1.3442451,-0.63661915,-1.034122,-0.9107753,-0.9586881,-1.105894,-0.6824495511186409,0,-0.813272781201147
Tdew (degC),2020-12-12,2020-12-04,0.0011445433,-0.8339656,-0.983917,-1.0587087,-1.0174863,-0.61676383,-1.038569,-0.91014075,-1.0377243,-1.0576437,-0.5591998451951237,0,-0.46552448254777157
Tdew (degC),2020-12-13,2020-12-04,0.0011444837,-0.988164,-1.1278646,-1.0696454,-1.2377703,-0.56100416,-1.2324698,-0.905155,-1.0410346,-1.2124088,-0.21579155187541,0,0.13278392601235142
Tdew (degC),2020-12-14,2020-12-04,0.0011444986,-1.2482525,-1.0117342,-1.017543,-0.9411773,-0.60524,-0.9663803,-0.9021486,-1.0160973,-0.9693711,-0.36614480595939386,0,-0.07057325459709521
Tdew (degC),2020-12-15,2020-12-04,0.0011445135,-0.6944525,-0.93475175,-0.9843172,-1.0074867,-0.6785857,-0.9407281,-0.9029817,-0.9749446,-0.8552134,-0.3804109621056878,0,-0.9604032590472633
Tdew (degC),2020-12-16,2020-12-04,0.0011444986,-0.61264646,-1.0035532,-0.9651417,-0.8837111,-0.65939194,-0.984533,-0.90433395,-0.95933026,-0.95352584,0.08776174196934076,0,-1.0432930638852183
Tdew (degC),2020-12-17,2020-12-04,0.0011444837,-0.4384573,-0.95946556,-0.9277938,-0.741069,-0.62295556,-0.7815942,-0.9107482,-0.9332244,-0.9243381,-0.24130519709186193,0,-0.593275332616844
Tdew (degC),2020-12-18,2020-12-04,0.0011444837,-0.5852112,-0.8713417,-0.96016145,-1.034263,-0.6793459,-0.814934,-0.90767205,-0.9548623,-0.94009626,-0.4584236322370033,0,-0.6326254304812076
Tlog (degC),2020-12-05,2020-12-04,0.002394095,-1.3344084,-1.3595576,-1.3231678,-1.5054073,-1.2871951,-1.3961593,-1.1041723,-1.3606532,-1.3787711,-1.3135330789403517,0,-1.3690158006113053
Tlog (degC),2020-12-06,2020-12-04,0.0012859553,-1.2631963,-1.2812269,-1.2946398,-1.2338147,-1.3116516,-1.337009,-1.0988239,-1.3131752,-1.3274053,-1.272299866016172,0,-1.4424815307577044
Tlog (degC),2020-12-07,2020-12-04,0.0011513084,-1.1871276,-1.2348315,-1.2744825,-1.2727209,-1.3272812,-1.2417887,-1.1025207,-1.29631,-1.2209698,-1.1429597117327883,0,-1.065628940439055
Tlog (degC),2020-12-08,2020-12-04,0.0011333972,-1.1474661,-1.3923613,-1.3356544,-1.548931,-1.1954069,-1.3015424,-1.0939953,-1.3318188,-1.3705845,-1.1309997297699799,0,-1.1081591237507593
Tlog (degC),2020-12-09,2020-12-04,0.0011309534,-1.145958,-1.4895778,-1.3653736,-1.4756589,-1.1562698,-1.5076636,-1.0954831,-1.3652883,-1.2723912,-1.215973051400937,0,-1.1122415338967253
Tlog (degC),2020-12-10,2020-12-04,0.0011306256,-1.1256094,-1.5860231,-1.3333031,-1.476893,-1.2778393,-1.4582375,-1.0985677,-1.3489534,-1.3281099,-1.2593127531424382,0,-1.0188335524972374
Tlog (degC),2020-12-11,2020-12-04,0.0011305511,-1.0043631,-1.4428415,-1.3347644,-1.5859674,-1.2507403,-1.4526733,-1.1022786,-1.3303667,-1.4118001,-1.2695318352562206,0,-1.1565300260559457
Tlog (degC),2020-12-12,2020-12-04,0.001130566,-0.9609833,-1.3889012,-1.3867397,-1.5901452,-1.2647747,-1.498952,-1.101644,-1.3573725,-1.523664,-1.1942030987888674,0,-0.9047175673935857
Tlog (degC),2020-12-13,2020-12-04,0.0011305511,-0.9762937,-1.539064,-1.368105,-1.6017334,-1.2180958,-1.6397142,-1.0966581,-1.3533769,-1.6194249,-0.8866992539561671,0,-0.6354525877447408
Tlog (degC),2020-12-14,2020-12-04,0.0011305362,-1.1996256,-1.3479148,-1.326121,-1.4277958,-1.3166635,-1.3517605,-1.0936519,-1.3085974,-1.280313,-1.0611113053308328,0,-0.6125858682277848
Tlog (degC),2020-12-15,2020-12-04,0.0011305213,-1.1430687,-1.2981448,-1.305064,-1.4390209,-1.3859589,-1.3377392,-1.0944848,-1.2818062,-1.2611425,-0.926870517972441,0,-1.0348933536045017
Tlog (degC),2020-12-16,2020-12-04,0.0011305213,-1.053395,-1.2718852,-1.3150724,-1.1694373,-1.2493408,-1.3127316,-1.0958372,-1.3087069,-1.32682,-0.6074502136731582,0,-1.2774268160715532
Tlog (degC),2020-12-17,2020-12-04,0.0011305213,-0.9025961,-1.2294252,-1.280267,-1.2130924,-1.1058067,-1.0968374,-1.1022514,-1.2820901,-1.1383029,-1.0221934892058575,0,-1.0529551895381462
Tlog (degC),2020-12-18,2020-12-04,0.0011305064,-1.1454215,-1.2683871,-1.3009888,-1.1639309,-1.1362014,-1.1972631,-1.0991753,-1.3102686,-1.1984112,-1.146693941908949,0,-0.8114053354857944
Tpot (K),2020-12-05,2020-12-04,0.0024284273,-1.0035683,-1.1579541,-1.0869523,-1.134701,-1.0154706,-1.1346701,-0.8862059,-1.1253245,-1.2493867,-1.0592951788013534,0,-1.7435872542136461
Tpot (K),2020-12-06,2020-12-04,0.0013168603,-0.8659536,-1.1189815,-1.1614503,-0.9593946,-1.0348023,-1.1748846,-0.8808574,-1.18283,-1.4035647,-1.13651438299787,0,-1.7539346836426515
Tpot (K),2020-12-07,2020-12-04,0.0011817366,-0.7772639,-1.1604195,-1.1958417,-1.0305876,-1.0501821,-1.0843395,-0.8845542,-1.2070655,-1.1218536,-0.9330234027694492,0,-0.937067257493361
Tpot (K),2020-12-08,2020-12-04,0.001163736,-0.9469135,-1.273595,-1.2833947,-1.2800545,-0.9416411,-1.1537752,-0.8760289,-1.2521925,-1.2616539,-1.0146987418894953,0,-1.1147249358521079
Tpot (K),2020-12-09,2020-12-04,0.0011613071,-0.90338355,-1.4322826,-1.3254114,-1.2989593,-0.89910126,-1.4647999,-0.8775166,-1.3204736,-1.2854631,-1.169742412703244,0,-1.3355404563836206
Tpot (K),2020-12-10,2020-12-04,0.0011609644,-0.71838605,-1.4676379,-1.2674804,-1.4610565,-0.994424,-1.3170191,-0.88060117,-1.2651775,-1.1826727,-1.1648739975800964,0,-1.289058056856489
Tpot (K),2020-12-11,2020-12-04,0.0011609048,-0.4899318,-1.3897706,-1.2657064,-1.4558052,-0.9723006,-1.3962333,-0.8843121,-1.245651,-1.255106,-1.0943653115262966,0,-1.2964703285304697
Tpot (K),2020-12-12,2020-12-04,0.0011609048,-0.48135307,-1.377381,-1.3347629,-1.4464014,-0.98007756,-1.4304057,-0.88367754,-1.2845851,-1.2459844,-0.9706549358835075,0,-0.9881724584076975
Tpot (K),2020-12-13,2020-12-04,0.0011609197,-0.60951173,-1.459743,-1.3036596,-1.4644397,-0.9363542,-1.5224261,-0.8786918,-1.2683077,-1.5339143,-0.8590059490593267,0,-0.5720062986104316
Tpot (K),2020-12-14,2020-12-04,0.0011609048,-0.8535039,-1.2069292,-1.2784067,-1.1680174,-1.0105425,-1.1941738,-0.8756854,-1.2319576,-1.1612266,-0.86611120356338,0,-0.4652169549902576
Tpot (K),2020-12-15,2020-12-04,0.001160875,-0.88953626,-1.1887485,-1.268396,-1.2877359,-1.0767598,-1.2201034,-0.8765184,-1.2263924,-1.1542889,-0.7320236475770171,0,-1.223084452998486
Tpot (K),2020-12-16,2020-12-04,0.001160875,-0.8468096,-1.1555895,-1.2592427,-1.1142309,-0.9804109,-1.2243502,-0.87787074,-1.2396817,-1.3840194,-0.5969273208894617,0,-1.3035054076813968
Tpot (K),2020-12-17,2020-12-04,0.001160875,-0.72989327,-1.139217,-1.2159909,-0.9486521,-0.87238014,-1.0063581,-0.884285,-1.2087282,-1.0809232,-0.9076023810993933,0,-1.0444618635342504
Tpot (K),2020-12-18,2020-12-04,0.001160875,-1.1021401,-1.1898952,-1.2369652,-1.276453,-0.8967656,-1.1270769,-0.88120884,-1.244662,-1.0976403,-1.1710406567360832,0,-0.5580150875808455
VPact (mbar),2020-12-05,2020-12-04,0.0024269074,-1.1768527,-1.0011522,-1.0011568,-1.3301773,-0.7864312,-1.0557232,-0.7971124,-1.034304,-1.0069096,-0.860863852927045,0,-1.086743231465888
VPact (mbar),2020-12-06,2020-12-04,0.0013154745,-1.0782902,-0.9353566,-0.9436556,-1.1538937,-0.79545003,-1.0075656,-0.7917639,-0.975494,-0.95468986,-0.7240975351813718,0,-1.2126682722518183
VPact (mbar),2020-12-07,2020-12-04,0.0011803806,-0.9101747,-0.8210725,-0.9003797,-0.8225591,-0.80608845,-0.90366215,-0.7954607,-0.9397605,-0.84750915,-0.6632019293937107,0,-0.6210410028444843
VPact (mbar),2020-12-08,2020-12-04,0.0011623949,-0.763633,-0.9299569,-0.91576624,-1.0137855,-0.70423543,-0.9065124,-0.7869354,-0.92925984,-0.9202928,-0.7552482834597811,0,-0.7640153551101447
VPact (mbar),2020-12-09,2020-12-04,0.0011599362,-0.8987798,-0.95706093,-0.9657999,-0.8690517,-0.63724345,-1.031979,-0.7884231,-0.9386824,-0.8378084,-0.6305347146676709,0,-0.9467653585751127
VPact (mbar),2020-12-10,2020-12-04,0.0011596233,-0.9758085,-1.10995,-0.9196823,-0.9116502,-0.7029518,-1.0446879,-0.7915077,-0.94084454,-1.0061262,-0.6325250768801859,0,-0.8409286377509028
VPact (mbar),2020-12-11,2020-12-04,0.0011595488,-0.94865394,-0.9698088,-0.90350115,-1.1396774,-0.6863776,-0.9548055,-0.7952186,-0.9040483,-0.99819505,-0.7351393065031812,0,-0.8180710653579726
VPact (mbar),2020-12-12,2020-12-04,0.0011595488,-0.63929176,-0.9197098,-0.9732896,-0.93727964,-0.6807082,-0.9534279,-0.79458404,-0.95443356,-0.9543687,-0.6473422177955752,0,-0.5701603942213826
VPact (mbar),2020-12-13,2020-12-04,0.0011595339,-0.61189115,-1.0310012,-0.9799087,-1.1062552,-0.6227109,-1.0924178,-0.7895983,-0.95831746,-1.066172,-0.3746310016300287,0,-0.052113340575118884
VPact (mbar),2020-12-14,2020-12-04,0.0011595339,-0.8426423,-0.94502,-0.94446415,-0.9372155,-0.6626435,-0.9156916,-0.7865919,-0.9396235,-0.908195,-0.5004977167833579,0,-0.24121354728953948
VPact (mbar),2020-12-15,2020-12-04,0.0011595339,-0.5422641,-0.86988133,-0.91905034,-0.92996645,-0.72217464,-0.8849996,-0.787425,-0.9109791,-0.829131,-0.502914585184269,0,-0.9193741833647873
VPact (mbar),2020-12-16,2020-12-04,0.0011595339,-0.53828084,-0.91123945,-0.9052485,-0.79746497,-0.6776736,-0.90765166,-0.78877723,-0.90037674,-0.8845116,-0.10338886233562417,0,-0.9705549259723159
VPact (mbar),2020-12-17,2020-12-04,0.001159519,-0.14255,-0.8913169,-0.8820425,-0.7807016,-0.6193577,-0.7691959,-0.79519147,-0.88344854,-0.8568318,-0.3983257898742549,0,-0.6738961771546047
VPact (mbar),2020-12-18,2020-12-04,0.001159504,-0.20707074,-0.8369864,-0.90394634,-0.9856535,-0.65229017,-0.79202205,-0.79211533,-0.8981166,-0.87217015,-0.5638101909719301,0,-0.7018244342317992
VPdef (mbar),2020-12-05,2020-12-04,0.0024784952,-0.5825999,-0.7103413,-0.7037529,-0.7282175,-0.71726,-0.71712947,-0.5605586,-0.70480365,-0.74661845,-0.7967437953759,0,-0.837727105348989
VPdef (mbar),2020-12-06,2020-12-04,0.0013618916,-0.5446786,-0.7234958,-0.7396841,-0.802765,-0.74750406,-0.7005577,-0.5552101,-0.72819,-0.7472235,-0.9531218772095933,0,-0.7623081464496873
VPdef (mbar),2020-12-07,2020-12-04,0.0012260824,-0.5021628,-0.7429471,-0.77100635,-0.8002597,-0.77599925,-0.6791054,-0.5589069,-0.74805564,-0.7263513,-0.850379642131829,0,-0.7169312083190406
VPdef (mbar),2020-12-08,2020-12-04,0.0012079924,-0.7104612,-0.7801084,-0.80650204,-0.9359723,-0.71259105,-0.7586392,-0.5503816,-0.78258365,-0.6956585,-0.8026262089266709,0,-0.7261195382853447
VPdef (mbar),2020-12-09,2020-12-04,0.0012055337,-0.59903145,-0.83728045,-0.7890192,-0.91641766,-0.7237307,-0.8066656,-0.55186933,-0.80314857,-0.77379036,-0.9850045586547714,0,-0.6902838749340484
VPdef (mbar),2020-12-10,2020-12-04,0.001205191,-0.42919824,-0.80841386,-0.79760146,-0.9772994,-0.79761326,-0.7610929,-0.55495393,-0.7848926,-0.7406167,-0.9892751908926312,0,-0.7700376378554002
VPdef (mbar),2020-12-11,2020-12-04,0.0012051314,-0.32543278,-0.86203074,-0.81482315,-0.94631475,-0.7527659,-0.8630071,-0.5586648,-0.79943186,-0.8177984,-0.9057802129529892,0,-0.8034379819966773
VPdef (mbar),2020-12-12,2020-12-04,0.0012051314,-0.28169355,-0.8549255,-0.7973944,-0.843354,-0.77166575,-0.88936055,-0.55803025,-0.7803987,-0.8477037,-0.8910741790760619,0,-0.7660258318137745
VPdef (mbar),2020-12-13,2020-12-04,0.001205191,-0.40936825,-0.8597122,-0.77109635,-1.041884,-0.7635979,-0.8629863,-0.5530445,-0.7675162,-0.87081176,-0.926533367960109,0,-0.8367324426940406
VPdef (mbar),2020-12-14,2020-12-04,0.0012051463,-0.6849544,-0.76281935,-0.76830006,-0.84881216,-0.84242254,-0.7820483,-0.5500381,-0.74955523,-0.7598172,-0.809967461038033,0,-0.6076947886812252
VPdef (mbar),2020-12-15,2020-12-04,0.0012051314,-0.81111574,-0.79586923,-0.7700654,-0.82637507,-0.90174294,-0.7978302,-0.5508712,-0.75751275,-0.7580925,-0.699001611816291,0,-0.6457657691818145
VPdef (mbar),2020-12-16,2020-12-04,0.0012051314,-0.73172635,-0.7475366,-0.78040254,-0.7969197,-0.81909937,-0.73889476,-0.55222344,-0.7770485,-0.6930426,-0.8211675764387008,0,-0.7094134838011554
VPdef (mbar),2020-12-17,2020-12-04,0.0012051314,-0.69162595,-0.73079634,-0.7741636,-0.90566695,-0.72045344,-0.6735965,-0.5586377,-0.77760005,-0.66372645,-0.8582150169814557,0,-0.7716729488225145
VPdef (mbar),2020-12-18,2020-12-04,0.0012051612,-0.86833584,-0.7856259,-0.7824526,-0.72838867,-0.7360427,-0.7691479,-0.55556154,-0.79031086,-0.68441486,-0.8980742512014793,0,-0.3837160103220729
VPmax (mbar),2020-12-05,2020-12-04,0.0024268776,-1.0357268,-1.0748372,-1.0547793,-1.073149,-0.9329869,-1.0916784,-0.916958,-1.0740448,-1.0578747,-1.0466620635119552,0,-1.1989246940804101
VPmax (mbar),2020-12-06,2020-12-04,0.0013154298,-0.9518178,-1.0219966,-1.0486374,-0.91952306,-0.9519565,-1.0523937,-0.9116095,-1.0599635,-1.0205201,-1.0863552149206686,0,-1.2123285174497243
VPmax (mbar),2020-12-07,2020-12-04,0.0011803359,-0.8770118,-1.0201815,-1.0468627,-1.003329,-0.9682267,-0.98946613,-0.91530627,-1.056818,-0.8974898,-0.978468629926716,0,-0.8586184348965236
VPmax (mbar),2020-12-08,2020-12-04,0.0011623502,-0.90107137,-1.0916969,-1.0809816,-1.1221067,-0.868178,-1.0427332,-0.90678096,-1.0749177,-0.97954327,-0.993626532406419,0,-0.9428518409927703
VPmax (mbar),2020-12-09,2020-12-04,0.0011598915,-0.88961977,-1.1274687,-1.0964701,-1.0719486,-0.8287493,-1.1445922,-0.9082687,-1.0921679,-0.9639909,-1.0588397682159878,0,-1.015832431349848
VPmax (mbar),2020-12-10,2020-12-04,0.0011595935,-0.8151832,-1.1778951,-1.076784,-1.1934465,-0.91663617,-1.1135365,-0.91135323,-1.0786365,-1.0254023,-1.0630274599180074,0,-1.0164318964196668
VPmax (mbar),2020-12-11,2020-12-04,0.0011595339,-0.6668862,-1.1029058,-1.0804923,-1.2134094,-0.8939889,-1.123787,-0.91506416,-1.071962,-1.0839812,-1.057897751677701,0,-1.0282927410153664
VPmax (mbar),2020-12-12,2020-12-04,0.0011594743,-0.6270165,-1.0902171,-1.1058161,-1.1995753,-0.901165,-1.1457976,-0.9144296,-1.0854778,-1.0540005,-0.9995355452374896,0,-0.8667283409125003
VPmax (mbar),2020-12-13,2020-12-04,0.001159504,-0.6740166,-1.1711855,-1.0914073,-1.13735,-0.86067814,-1.2118392,-0.90944386,-1.0815717,-1.1357882,-0.8775444035293729,0,-0.6373901327732681
VPmax (mbar),2020-12-14,2020-12-04,0.0011595339,-0.9136887,-1.0734355,-1.0704068,-1.0593964,-0.9297318,-1.0716747,-0.90643746,-1.0556781,-0.98654175,-0.8610591141093571,0,-0.5731189135019857
VPmax (mbar),2020-12-15,2020-12-04,0.001159504,-0.87217754,-1.0265217,-1.0581622,-1.0671694,-0.9947607,-1.0519205,-0.90727055,-1.0471618,-0.975471,-0.7814844079842733,0,-0.968431871900608
VPmax (mbar),2020-12-16,2020-12-04,0.0011594892,-0.809543,-1.0250912,-1.0580679,-0.9970161,-0.9084351,-1.0273124,-0.9086228,-1.056686,-0.9874943,-0.6537812205394551,0,-1.0426884664777283
VPmax (mbar),2020-12-17,2020-12-04,0.001159504,-0.6677602,-1.0089822,-1.0410196,-0.89711237,-0.8090467,-0.9139279,-0.91503704,-1.043029,-0.8284152,-0.8406259190152493,0,-0.9270430907229787
VPmax (mbar),2020-12-18,2020-12-04,0.0011594743,-0.96122867,-1.0249649,-1.0580918,-1.0741042,-0.8314491,-0.9865299,-0.9119609,-1.0616508,-0.897858,-0.9594142044931915,0,-0.6598358177446246
max. PAR (�mol/m�/s),2020-12-05,2020-12-04,0.0025073588,-0.45935646,-0.46818957,-0.4871327,-0.5034139,-0.50724065,-0.4947075,-0.40174088,-0.486317,-0.49978092,-0.5241177402616256,0,-0.4341108937080219
max. PAR (�mol/m�/s),2020-12-06,2020-12-04,0.0013878644,-0.47384843,-0.46865922,-0.48704144,-0.5250251,-0.53742653,-0.48776415,-0.39639235,-0.47464144,-0.51633126,-0.5303457480155145,0,-0.43243084036467994
max. PAR (�mol/m�/s),2020-12-07,2020-12-04,0.0012516826,-0.37023845,-0.45532972,-0.48290256,-0.5807005,-0.56812716,-0.51085883,-0.4000892,-0.47527158,-0.50689703,-0.47616138973118294,0,-0.5417331428299665
max. PAR (�mol/m�/s),2020-12-08,2020-12-04,0.0012335032,-0.35040957,-0.48643538,-0.49070626,-0.66117954,-0.52573884,-0.49106443,-0.39156386,-0.4835758,-0.49016514,-0.44253006150699586,0,-0.5547194748494926
max. PAR (�mol/m�/s),2020-12-09,2020-12-04,0.0012310743,-0.28320545,-0.4628761,-0.47793818,-0.6043658,-0.544121,-0.47415504,-0.3930516,-0.48029846,-0.47435293,-0.5382870030062178,0,-0.46850412878534214
max. PAR (�mol/m�/s),2020-12-10,2020-12-04,0.0012307316,-0.4188986,-0.49230155,-0.49602997,-0.50258654,-0.5993585,-0.51387596,-0.39613616,-0.48542956,-0.48581395,-0.5639965057068529,0,-0.5194239048223062
max. PAR (�mol/m�/s),2020-12-11,2020-12-04,0.0012307018,-0.5442628,-0.50477177,-0.49495745,-0.524992,-0.55327255,-0.48696184,-0.39984706,-0.49064153,-0.49605846,-0.555835697737339,0,-0.5099863649779786
max. PAR (�mol/m�/s),2020-12-12,2020-12-04,0.001230672,-0.46927133,-0.47881612,-0.48787808,-0.5166212,-0.569027,-0.4928912,-0.39921248,-0.4849455,-0.47082874,-0.515370594150077,0,-0.5507371896738501
max. PAR (�mol/m�/s),2020-12-13,2020-12-04,0.0012306422,-0.3883495,-0.49037758,-0.48288745,-0.5429603,-0.5690908,-0.5373452,-0.39422673,-0.48054764,-0.50891167,-0.5317486634853279,0,-0.5540816486195066
max. PAR (�mol/m�/s),2020-12-14,2020-12-04,0.0012306571,-0.5438129,-0.4819864,-0.48642075,-0.5848795,-0.63534015,-0.5050639,-0.39122036,-0.4811082,-0.5046842,-0.44516469725272223,0,-0.5228977856074877
max. PAR (�mol/m�/s),2020-12-15,2020-12-04,0.0012306422,-0.46377188,-0.5047072,-0.47606587,-0.5708201,-0.6923351,-0.5023254,-0.39205343,-0.47077784,-0.4996408,-0.5272864704710465,0,-0.405076633269681
max. PAR (�mol/m�/s),2020-12-16,2020-12-04,0.0012306422,-0.36671865,-0.47909203,-0.48371586,-0.5251455,-0.63579595,-0.4851523,-0.3934057,-0.48193145,-0.47193435,-0.44553752713906025,0,-0.4415623661013732
max. PAR (�mol/m�/s),2020-12-17,2020-12-04,0.001230672,-0.32483706,-0.46717706,-0.47646275,-0.5958155,-0.5599599,-0.47537056,-0.3998199,-0.4699336,-0.46604207,-0.48002450750829695,0,-0.4907253944834005
max. PAR (�mol/m�/s),2020-12-18,2020-12-04,0.0012306422,-0.2868425,-0.45557198,-0.4769349,-0.57471627,-0.5704663,-0.45010167,-0.39674374,-0.4718095,-0.4153883,-0.4445250360175053,0,-0.47075222607624034
max. wv (m/s),2020-12-05,2020-12-04,0.0025933534,0.005600378,-0.032061517,-0.12690616,0.032484263,0.009395994,-0.053165153,0.07738226,-0.07657817,-0.12150135,-0.5057817188105879,0,-0.8876302674583585
max. wv (m/s),2020-12-06,2020-12-04,0.0014651716,-0.014582545,-0.03264062,-0.21926284,-0.26563096,-0.12057434,-0.15691128,0.08273077,-0.11802286,-0.44429016,-0.8528184504151325,0,-0.6268553522987687
max. wv (m/s),2020-12-07,2020-12-04,0.0013278276,-0.1218148,-0.10131489,-0.25447533,-0.17037313,-0.18022174,0.23355749,0.07903394,-0.13789725,-0.3523509,0.05159570658926511,0,0.9034982545487448
max. wv (m/s),2020-12-08,2020-12-04,0.0013094991,-0.60760677,-0.052998036,-0.27317762,-0.25603122,-0.14373285,-0.15423778,0.087559275,-0.19650689,-0.30676103,-0.7283207283086383,0,0.35997768777612943
max. wv (m/s),2020-12-09,2020-12-04,0.0013070256,-0.47197342,0.14002812,-0.21338962,-0.7779985,-0.10343588,0.11834711,0.086071536,-0.2506155,-0.6149003,-0.9048485469981001,0,-0.3653405840750711
max. wv (m/s),2020-12-10,2020-12-04,0.0013066679,-0.15169796,0.20835975,-0.13583392,-0.29250336,-0.05517153,0.23211363,0.082986966,-0.15028594,-0.5206389,-0.8173202816924601,0,-0.5229289125944862
max. wv (m/s),2020-12-11,2020-12-04,0.0013066232,-0.09638345,-0.18222015,-0.32120287,-0.63150454,0.0898376,-0.088353336,0.07927606,-0.22771673,-0.61125803,-0.10120424800297718,0,-0.5014481066530349
max. wv (m/s),2020-12-12,2020-12-04,0.0013066083,0.2774991,-0.20282382,-0.24007314,-0.49166408,0.18891494,-0.015080884,0.079910636,-0.18306017,-0.6737319,-0.24228739935442778,0,0.01885285917664176
max. wv (m/s),2020-12-13,2020-12-04,0.0013066083,0.18569647,-0.1740911,-0.10938951,-0.3561019,0.21522139,0.081183285,0.084896415,-0.11920525,-0.38250512,-0.8073957748378169,0,0.1352183708146414
max. wv (m/s),2020-12-14,2020-12-04,0.0013065785,-0.25129572,-0.19094914,-0.19499464,-0.44916075,0.167409,-0.14661732,0.08790277,-0.12641734,-0.38283122,0.245671979447584,0,0.6790599458952236
max. wv (m/s),2020-12-15,2020-12-04,0.0013065785,-0.26973912,-0.108628705,-0.19712746,-0.42858788,0.14515127,-0.16024089,0.087069675,-0.17059994,-0.0880599,-0.09788716215398592,0,-0.1851211698439898
max. wv (m/s),2020-12-16,2020-12-04,0.0013065934,-0.12791823,-0.06415656,-0.12635596,-0.32498014,0.16258332,-0.15712,0.08571743,-0.087569594,-0.034874868,-0.47247710685902244,0,0.4321778063763504
max. wv (m/s),2020-12-17,2020-12-04,0.0013065785,-0.22586904,-0.17695612,-0.22556125,-0.495475,0.13203682,-0.26601428,0.079303205,-0.18319172,-0.14670162,0.3206809207425153,0,0.2844872340192478
max. wv (m/s),2020-12-18,2020-12-04,0.0013065934,-0.29645202,-0.14091076,-0.16327351,-0.57596064,0.029818656,-0.23016314,0.082379356,-0.16733031,-0.23807459,-0.3677748970771534,0,0.9498839550499613
p (mbar),2020-12-05,2020-12-04,0.002287805,-1.2849841,-1.5656935,-1.9909307,0.017219305,-1.5695906,-2.233162,-2.8224456,-2.011529,-1.1014228,-2.077316024834918,0,1.8904991200685375
p (mbar),2020-12-06,2020-12-04,0.0011903793,-1.5718002,-1.1032443,-1.0219184,-0.32876945,-1.7398578,-1.0053202,-2.8170972,-1.1760144,-0.49248815,-2.0252731830143262,0,1.2059854380506063
p (mbar),2020-12-07,2020-12-04,0.0010571927,-1.1344633,-0.36249852,-0.5768089,-0.3485667,-1.3323241,-0.62447935,-2.820794,-0.80543065,-0.8120047,-1.9150321539815596,0,0.3661871253575255
p (mbar),2020-12-08,2020-12-04,0.0010394305,-1.0319841,-0.6962892,-0.31039047,-1.47426,-1.0818069,-1.0354519,-2.8122687,-0.67369723,-1.3069243,-1.430876019468777,0,0.8807820462969153
p (mbar),2020-12-09,2020-12-04,0.0010370165,-0.28922796,0.07861531,-0.23330331,0.29910064,-0.9590221,0.11004102,-2.8137565,-0.44202274,-0.30368686,-1.018918465607846,0,1.9074775652065574
p (mbar),2020-12-10,2020-12-04,0.0010366887,-1.1970323,-0.620361,-0.46900034,-0.40064085,-0.86038226,-0.9049275,-2.816841,-0.73641944,-1.098763,-1.1376482389388085,0,1.2303815259294002
p (mbar),2020-12-11,2020-12-04,0.001036644,-1.5874554,-0.18252015,-0.5306759,-0.39437377,0.006554745,-0.5019046,-2.8205519,-0.8154831,-1.3966866,-1.832083845953036,0,1.0156927341147675
p (mbar),2020-12-12,2020-12-04,0.0010365993,-2.011376,0.07946795,-0.31083965,-0.5506103,0.04508398,-0.56050617,-2.8199172,-0.56900287,-0.26780272,-1.984318009101708,0,0.9499793931826753
p (mbar),2020-12-13,2020-12-04,0.0010366142,-1.9484911,-0.5044277,-0.36961412,-0.7853879,0.2348843,-0.6715916,-2.8149316,-0.54187596,-0.51229024,-0.7607479920989528,0,0.14897987196437604
p (mbar),2020-12-14,2020-12-04,0.0010366142,-1.2697377,-1.1128162,-0.22056961,-0.4853207,0.22353998,-1.0803686,-2.8119252,-0.4454946,-0.65823007,-0.4153405842952455,0,0.031167365789808152
p (mbar),2020-12-15,2020-12-04,0.0010366142,-1.0074941,-0.67358863,-0.12361407,-1.1691365,0.33783823,-0.7234467,-2.8127582,-0.28484553,-0.86710715,-0.43138471332899003,0,1.5566792013082618
p (mbar),2020-12-16,2020-12-04,0.0010365993,-1.0080528,-0.8777729,-0.22769713,-0.42725688,0.3462065,-0.03784731,-2.8141105,-0.34595585,-0.97062445,0.23927436344716643,0,0.8120513791924785
p (mbar),2020-12-17,2020-12-04,0.0010365993,-0.80774385,-0.57994235,-0.3243637,-0.33735347,0.21702652,0.09706716,-2.8205247,-0.5038705,-1.9072845,0.506883033223152,0,0.4350545779151095
p (mbar),2020-12-18,2020-12-04,0.0010366291,-1.7395048,-0.39949948,-0.42244196,-0.44919395,-0.2849795,-0.3057384,-2.8174486,-0.5364419,-1.5058179,0.8589526972153967,0,-0.4088392521692351
rain (mm),2020-12-05,2020-12-04,0.002577722,-0.09570415,-0.08352725,-0.09211358,-0.05767436,-0.09058029,-0.087816134,-0.046926975,-0.09194221,-0.09405269,-0.0935055214483151,0,-0.0935055214483151
rain (mm),2020-12-06,2020-12-04,0.0014511198,-0.05510997,-0.09178628,-0.093674496,-0.086795814,-0.11455016,-0.09382848,-0.041578464,-0.08993332,-0.0843845,-0.0935055214483151,0,-0.0935055214483151
rain (mm),2020-12-07,2020-12-04,0.0013139695,-0.040898535,-0.08401224,-0.09155131,-0.056594037,-0.12675735,-0.06867015,-0.045275293,-0.08521822,-0.045335438,-0.0935055214483151,0,-0.07653809637125882
rain (mm),2020-12-08,2020-12-04,0.0012957305,-0.059786275,-0.09741199,-0.0918865,-0.08737754,-0.112064615,-0.090054855,-0.03674996,-0.08098622,-0.076219164,-0.0935055214483151,0,0.1779732797845854
rain (mm),2020-12-09,2020-12-04,0.0012932122,-0.065009154,-0.09706424,-0.09764477,-0.079616636,-0.118679754,-0.08534091,-0.0382377,-0.087513685,-0.08258868,0.042233879168135154,0,-0.0935055214483151
rain (mm),2020-12-10,2020-12-04,0.0012928843,-0.050531447,-0.106947035,-0.094069935,-0.08643821,-0.13411522,-0.07974685,-0.04132227,-0.086815335,-0.065492615,-0.07088228801224006,0,-0.0935055214483151
rain (mm),2020-12-11,2020-12-04,0.0012928247,-0.07545063,-0.10311457,-0.093687326,-0.0925158,-0.09741441,-0.094184466,-0.04503317,-0.08404431,-0.07265329,-0.0935055214483151,0,-0.07653809637125882
rain (mm),2020-12-12,2020-12-04,0.0012928545,0.14224708,-0.093560964,-0.10023265,-0.0785929,-0.09849197,-0.08638165,-0.044398606,-0.08699642,-0.07630673,-0.0652264796532213,0,0.08748034604028525
rain (mm),2020-12-13,2020-12-04,0.0012928247,-0.013814412,-0.10712554,-0.09370496,-0.11596061,-0.084385574,-0.10180368,-0.039412837,-0.088380195,-0.09398882,-0.0935055214483151,0,0.20059651322066047
rain (mm),2020-12-14,2020-12-04,0.0012928098,-0.092729345,-0.097074844,-0.091370925,-0.079417005,-0.09183992,-0.08499912,-0.03640647,-0.08749727,-0.071163364,-0.0935055214483151,0,-0.03694743785812749
rain (mm),2020-12-15,2020-12-04,0.0012928098,-0.095953315,-0.087256424,-0.09039056,-0.08474482,-0.1221333,-0.089255765,-0.037239548,-0.08156976,-0.073378235,-0.059570671294202536,0,-0.08784971308929634
rain (mm),2020-12-16,2020-12-04,0.00129278,-0.11684784,-0.07992023,-0.08616423,-0.071571894,-0.11401435,-0.0744323,-0.038591802,-0.08244395,-0.0697973,-0.0935055214483151,0,-0.0935055214483151
rain (mm),2020-12-17,2020-12-04,0.0012927651,-0.13862029,-0.07431697,-0.08997,-0.0625217,-0.104547694,-0.04775086,-0.04500603,-0.08660829,-0.05896246,-0.0935055214483151,0,-0.0935055214483151
rain (mm),2020-12-18,2020-12-04,0.001292795,-0.13567293,-0.07474312,-0.08929894,-0.07000455,-0.11954246,-0.06231314,-0.041929882,-0.08263819,-0.100598186,-0.0935055214483151,0,-0.0935055214483151
raining (s),2020-12-05,2020-12-04,0.0025531203,-0.11151074,-0.14244619,-0.19500913,0.12883446,0.05276218,-0.11136456,-0.06852636,-0.20248996,-0.19926494,-0.15579008776327813,0,-0.2210504187684684
raining (s),2020-12-06,2020-12-04,0.0014289767,-0.1328597,-0.21731563,-0.16577847,-0.2564219,0.02445434,-0.19216405,-0.06317785,-0.17407636,-0.1914118,-0.2210504187684684,0,-0.2210504187684684
raining (s),2020-12-07,2020-12-04,0.0012921691,-0.12828827,-0.12115661,-0.103704944,0.20874241,0.018868465,0.1884849,-0.066874675,-0.11986402,0.25681487,-0.21973202824311103,0,-0.08459699939397963
raining (s),2020-12-08,2020-12-04,0.001273945,-0.1548365,-0.24337855,-0.062202334,0.09264833,0.0069185086,-0.15029028,-0.05834934,-0.029471964,-0.22620076,-0.2210504187684684,0,0.17578512936410276
raining (s),2020-12-09,2020-12-04,0.0012714714,-0.121086694,-0.25403023,-0.19232336,0.6179985,0.007448593,-0.0931211,-0.05983708,-0.12372457,-0.109955914,1.1533717039165996,0,-0.2210504187684684
raining (s),2020-12-10,2020-12-04,0.0012711436,-0.12003707,-0.3493061,-0.08563729,0.6504091,0.0015714429,0.019144282,-0.06292165,-0.11103967,0.11694646,0.27993798086733573,0,-0.2210504187684684
raining (s),2020-12-11,2020-12-04,0.0012710392,0.051170494,-0.34133798,-0.114058144,0.06109175,0.054013018,-0.1767434,-0.066632554,-0.076517016,0.10647997,-0.2210504187684684,0,-0.11426078621452068
raining (s),2020-12-12,2020-12-04,0.001271084,0.116645135,-0.25397077,-0.20912662,0.11290178,0.06169964,-0.08168015,-0.06599798,-0.13344893,-0.023550794,0.36695175554092274,0,0.8224556820518973
raining (s),2020-12-13,2020-12-04,0.0012710541,-0.07012864,-0.34865716,-0.14718384,-0.2286758,0.041938435,-0.0942484,-0.06101222,-0.13711277,-0.1048,-0.1966601940493569,0,2.370905354084139
raining (s),2020-12-14,2020-12-04,0.0012710243,-0.34645784,-0.24811536,-0.124077156,-0.13998607,0.049690865,0.012525149,-0.05800585,-0.11295324,-0.1104668,-0.2210504187684684,0,0.21599604038750286
raining (s),2020-12-15,2020-12-04,0.0012710243,0.08093426,-0.18359648,-0.15999956,-0.15863827,0.046878666,-0.17463207,-0.058838915,-0.08422135,-0.10405176,0.40782186182700153,0,-0.19072743668524866
raining (s),2020-12-16,2020-12-04,0.0012710243,0.2481699,-0.12509787,-0.08708735,-0.27901435,0.05206301,-0.16030182,-0.060191184,-0.054778427,-0.28548437,-0.2210504187684684,0,-0.20127456088810772
raining (s),2020-12-17,2020-12-04,0.0012710243,-0.10937406,-0.075048566,-0.14570692,-0.070566505,0.048306122,0.10450321,-0.06660541,-0.14154133,-0.3236128,-0.2210504187684684,0,-0.2210504187684684
raining (s),2020-12-18,2020-12-04,0.0012710392,-0.42267454,-0.07396811,-0.09999071,-0.20063636,0.04822838,-0.06619911,-0.06352927,-0.08922866,-0.49527666,-0.2210504187684684,0,-0.2210504187684684
rh (%),2020-12-05,2020-12-04,0.0026828498,0.40105453,0.6171747,0.49426788,0.6391797,0.31575772,0.4896246,0.37217778,0.48064727,0.50268334,0.9193549111046444,0,1.007685902145274
rh (%),2020-12-06,2020-12-04,0.0015456825,0.6962607,0.56965995,0.6484597,0.971762,0.33937895,0.45350647,0.37752628,0.60950685,0.7104845,1.5728935992603055,0,0.6758700575351608
rh (%),2020-12-07,2020-12-04,0.0014071018,0.9635872,0.947087,0.7726331,0.8824918,0.26393446,0.48251808,0.37382948,0.70344007,0.6879001,1.1808237050288624,0,0.7701885489199971
rh (%),2020-12-08,2020-12-04,0.0013886243,0.69497526,0.9542961,0.9066612,0.649725,0.40918854,0.75648755,0.3823548,0.8338868,0.5451609,1.0141473461512895,0,0.7128635819502631
rh (%),2020-12-09,2020-12-04,0.0013861358,0.19203825,1.0527756,0.8370616,0.45265353,0.4406894,0.88480234,0.38086706,0.9074551,0.8250139,1.7132253553740453,0,0.47414408379287415
rh (%),2020-12-10,2020-12-04,0.0013857931,0.4455089,0.7788439,0.86120486,0.7262107,0.39730802,0.59126085,0.3777825,0.8354737,0.63676584,1.7312574306319324,0,0.831986359198053
rh (%),2020-12-11,2020-12-04,0.0013857037,0.6448948,0.8581352,0.943341,1.4988185,0.5363854,0.9394623,0.3740716,0.9040252,0.8151883,1.3646546028530038,0,0.9459549991236709
rh (%),2020-12-12,2020-12-04,0.0013857037,0.5850952,0.95534104,0.84824276,1.2394173,0.81379825,1.0377109,0.37470615,0.81169,0.997711,1.3399947216995074,0,0.9231168389202529
rh (%),2020-12-13,2020-12-04,0.0013856888,0.23487559,1.024055,0.7712121,0.9986475,0.8250896,0.9585076,0.37969196,0.78118956,0.77984405,1.514983608083026,0,1.3063002894927784
rh (%),2020-12-14,2020-12-04,0.0013856739,0.35706323,0.80043316,0.7883939,0.9401004,0.8876398,0.9147508,0.3826983,0.71986866,0.75236404,1.1384279634061096,0,0.6500364252817159
rh (%),2020-12-15,2020-12-04,0.0013856888,0.45748454,0.7680128,0.8128741,0.80091965,0.5446663,0.8318503,0.3818652,0.76193476,0.70549136,0.7661230009460424,0,0.37885548897527266
rh (%),2020-12-16,2020-12-04,0.0013857037,0.3296749,0.64420545,0.84418297,0.7779219,-0.063488044,0.6685747,0.38051295,0.8398512,0.5676172,1.251681985154156,0,0.544121124921992
rh (%),2020-12-17,2020-12-04,0.0013857186,-0.22263034,0.6570577,0.82986665,0.69888246,-0.30928105,0.6136731,0.37409872,0.83023155,0.4009407,1.2920042232564948,0,0.8972276663939396
rh (%),2020-12-18,2020-12-04,0.0013856739,0.17167477,0.89347255,0.82878256,0.6000953,-0.128668,0.82926685,0.37717488,0.87507164,0.34899193,1.454385467698924,0,-0.03451965392842537
rho (g/m**3),2020-12-05,2020-12-04,0.0027048439,0.8843446,0.74323547,0.60377,1.2675749,0.5458172,0.5915896,0.1961951,0.64186215,0.47157085,0.5532464341764388,0,2.035556979042206
rho (g/m**3),2020-12-06,2020-12-04,0.0015654713,0.8939438,0.7844551,0.86179054,1.3405384,0.4299054,0.8733556,0.20154361,0.8586391,0.86017597,0.6273879360487267,0,1.915846220277586
rho (g/m**3),2020-12-07,2020-12-04,0.0014265776,0.572538,1.0012393,0.9755616,1.0900924,0.09802352,0.89997673,0.19784679,0.96589136,1.0729357,0.4593833621262287,0,0.9281605794485501
rho (g/m**3),2020-12-08,2020-12-04,0.0014080554,0.63890976,1.0262372,1.1130729,1.0486825,0.15321225,0.8545471,0.20637211,1.0320675,0.75098485,0.6397086727966393,0,1.2046492951628212
rho (g/m**3),2020-12-09,2020-12-04,0.0014055371,0.7229854,1.3398728,1.1786536,1.2654823,0.29625607,1.3854299,0.20488438,1.131425,0.94398034,0.859613939821724,0,1.6331971361893585
rho (g/m**3),2020-12-10,2020-12-04,0.0014051646,0.62771446,1.2080162,1.06655,1.1850649,0.49272132,1.0146065,0.20179981,1.0382717,0.8537632,0.8306618502561142,0,1.4451681726781962
rho (g/m**3),2020-12-11,2020-12-04,0.0014051646,0.6288537,1.169935,1.0513641,1.3114581,0.78568625,1.1011448,0.19808891,0.988006,1.1802673,0.6285919168384245,0,1.4070785986041026
rho (g/m**3),2020-12-12,2020-12-04,0.0014051348,0.55610347,1.2362261,1.1666529,1.2019325,1.0484216,1.1366669,0.19872345,1.0896717,1.4206469,0.47905020590461944,0,1.0894246851620544
rho (g/m**3),2020-12-13,2020-12-04,0.0014051199,0.63515425,1.2111475,1.1332937,1.4063816,0.91051745,1.2522705,0.20370924,1.0722516,1.238372,0.6114041789588218,0,0.5187633298314877
rho (g/m**3),2020-12-14,2020-12-04,0.001405105,0.77054757,0.87054384,1.1399226,1.2432964,0.8456219,0.91566706,0.20671561,1.055099,0.9491191,0.695788638610134,0,0.4078730506736348
rho (g/m**3),2020-12-15,2020-12-04,0.001405105,0.49005884,0.9376788,1.1507889,1.0744599,0.63816994,0.9458596,0.20588246,1.0908657,1.2403327,0.5694892295574602,0,1.4534336832208068
rho (g/m**3),2020-12-16,2020-12-04,0.001405105,0.5729995,0.906798,1.1188705,1.0751275,0.3076462,1.1180155,0.20453027,1.0906987,1.2804003,0.5600416287849634,0,1.3811966600522239
rho (g/m**3),2020-12-17,2020-12-04,0.001405105,0.68880415,0.9483729,1.0575023,0.84543777,0.16961531,0.9742818,0.19811605,1.0144585,0.88394547,0.9151995438261155,0,1.0426044261493308
rho (g/m**3),2020-12-18,2020-12-04,0.0014050901,1.0865756,1.0061249,1.0525488,0.99816006,0.23791645,0.964583,0.2011922,1.0611162,0.72466695,1.2449297494315017,0,0.4281364122069212
sh (g/kg),2020-12-05,2020-12-04,0.0024308413,-1.1344118,-0.9808486,-0.9766603,-1.309576,-0.7941567,-1.0280074,-0.76812637,-1.0093586,-0.9943948,-0.8331540361841456,0,-1.0998911495543298
sh (g/kg),2020-12-06,2020-12-04,0.0013190061,-1.0426598,-0.9221289,-0.93019575,-1.1257296,-0.806713,-0.9935277,-0.76277786,-0.9606887,-0.952092,-0.6953505769546244,0,-1.21640440551722
sh (g/kg),2020-12-07,2020-12-04,0.0011838824,-0.90171766,-0.81508243,-0.89233106,-0.82459867,-0.81897455,-0.89499485,-0.76647466,-0.92941195,-0.84287894,-0.635328191905049,0,-0.6250350969482001
sh (g/kg),2020-12-08,2020-12-04,0.001165852,-0.7375651,-0.9194461,-0.90993595,-1.0158286,-0.71847963,-0.89310604,-0.75794935,-0.91961044,-0.9110657,-0.7348611800058532,0,-0.7732556643268214
sh (g/kg),2020-12-09,2020-12-04,0.001163438,-0.8546335,-0.95523787,-0.9599388,-0.8769676,-0.6511388,-1.0290543,-0.7594371,-0.9317678,-0.8273001,-0.6156596996140103,0,-0.9641119672014011
sh (g/kg),2020-12-10,2020-12-04,0.0011630803,-0.9225006,-1.0997088,-0.9123938,-0.9085618,-0.717292,-1.0319939,-0.7625216,-0.93113506,-0.9756912,-0.6155356864217592,0,-0.8530457522212364
sh (g/kg),2020-12-11,2020-12-04,0.0011630356,-0.89264977,-0.9686024,-0.89563537,-1.1440132,-0.7012469,-0.9484025,-0.76623255,-0.89388967,-0.9643203,-0.7095376861481604,0,-0.8281191005787474
sh (g/kg),2020-12-12,2020-12-04,0.0011630505,-0.6026467,-0.9209756,-0.9667848,-0.9400523,-0.6949039,-0.9466706,-0.765598,-0.9456692,-0.92488277,-0.6187352267818398,0,-0.5833666643518006
sh (g/kg),2020-12-13,2020-12-04,0.0011630207,-0.56457704,-1.0227888,-0.9724397,-1.1072835,-0.63664746,-1.0808178,-0.7606122,-0.9493505,-1.0409832,-0.36376410351339517,0,-0.057649939760560244
sh (g/kg),2020-12-14,2020-12-04,0.0011630207,-0.805516,-0.9306769,-0.9389791,-0.9289935,-0.6790268,-0.9008022,-0.75760585,-0.93183404,-0.89775056,-0.49462282397684987,0,-0.24287604370693616
sh (g/kg),2020-12-15,2020-12-04,0.0011630207,-0.53052866,-0.86345434,-0.9151484,-0.9424783,-0.740682,-0.8766796,-0.75843894,-0.90559626,-0.8165053,-0.49695427199117215,0,-0.9331582744155045
sh (g/kg),2020-12-16,2020-12-04,0.0011629909,-0.52507544,-0.9007771,-0.9006543,-0.8297823,-0.6942078,-0.90593964,-0.7597912,-0.894119,-0.8732324,-0.11127324408997435,0,-0.9753227597809087
sh (g/kg),2020-12-17,2020-12-04,0.0011630058,-0.12067324,-0.8834824,-0.87668,-0.79038477,-0.6354277,-0.76993185,-0.76620543,-0.87631273,-0.84762704,-0.40721832607821185,0,-0.6784351775315622
sh (g/kg),2020-12-18,2020-12-04,0.0011630058,-0.21037951,-0.83251286,-0.89737964,-0.97210103,-0.6687131,-0.7894152,-0.7631293,-0.89063406,-0.8600799,-0.5759258728167294,0,-0.6949041294625201
wd (deg),2020-12-05,2020-12-04,0.0026081651,-0.47400585,0.13770878,-0.0030898824,0.11536832,-0.06168001,-0.046454974,0.10232947,0.017642375,0.18625572,0.13661851070668554,0,-0.03255872279729448
wd (deg),2020-12-06,2020-12-04,0.0014784932,-0.29319024,0.019675303,-0.053683206,0.18905818,-0.07372944,-0.21398395,0.10767798,0.04770785,-0.2199798,-0.35462385154986126,0,-0.12343871522334128
wd (deg),2020-12-07,2020-12-04,0.0013409257,-0.24303487,0.20228985,-0.03583975,0.19329253,-0.09545216,0.22176301,0.10398115,0.05947785,-0.12309597,0.04600074723405716,0,0.19182652007796686
wd (deg),2020-12-08,2020-12-04,0.0013225824,-0.092353866,0.092478715,-0.09958092,0.10857577,-0.056153566,0.033522267,0.11250649,-0.014185362,-0.1056186,-0.5706263061739951,0,0.8337513884721652
wd (deg),2020-12-09,2020-12-04,0.0013201088,-0.0045993365,0.10574648,-0.07766958,-0.14822927,-0.043570705,0.20671669,0.11101875,-0.059133984,-0.016273811,-0.17356560095962115,0,0.5096391048049633
wd (deg),2020-12-10,2020-12-04,0.001319766,-0.41176546,0.06845194,0.01671442,0.023322202,-0.035410788,0.22080177,0.10793418,0.009607039,0.29638946,-0.25302773074044205,0,0.08649162497040569
wd (deg),2020-12-11,2020-12-04,0.0013196915,-0.36383808,0.0038074404,-0.09031784,-0.048522852,0.019489853,0.00040198863,0.10422327,0.0026498288,0.31482437,0.07440089843299288,0,0.23026754014166903
wd (deg),2020-12-12,2020-12-04,0.0013196915,-0.19181511,0.10788525,-0.12175057,0.03139776,-0.0073641054,0.04675222,0.10485785,-0.021792628,0.09407361,0.08515805959708295,0,-0.025822528438257625
wd (deg),2020-12-13,2020-12-04,0.0013196766,-0.0837587,-0.10087746,-0.047161557,0.059139676,-0.060161915,-0.22740908,0.10984361,-0.022863708,-0.33426115,0.09814235478883596,0,0.18147821248941046
wd (deg),2020-12-14,2020-12-04,0.0013196617,0.063215114,0.0060257316,-0.04368995,0.18213087,-0.11714517,-0.13179654,0.11284998,-0.012211673,-0.5584843,0.03516053768743684,0,0.5058699859055122
wd (deg),2020-12-15,2020-12-04,0.0013196766,0.008473724,0.10900872,-0.038080998,0.26719338,-0.15146545,-0.12866953,0.11201689,0.037426315,-0.6543491,0.010438471584024755,0,0.666616518629982
wd (deg),2020-12-16,2020-12-04,0.0013196766,-0.10998154,0.1896536,-0.02017939,0.4071795,-0.13531685,-0.13824831,0.11066464,0.04984403,-0.58307743,0.08336533249342457,0,0.18349852410288742
wd (deg),2020-12-17,2020-12-04,0.0013196617,0.035748556,0.15885457,-0.07267978,0.41610906,-0.09777027,0.040946182,0.104250416,0.0019272864,-0.29594392,0.040958752163901685,0,0.14346121830189656
wd (deg),2020-12-18,2020-12-04,0.0013196766,0.09694293,0.19005731,0.040372014,0.2923516,-0.05687059,0.1516822,0.10732658,0.03627465,0.12806457,0.07675659774514981,0,0.13917943534874896
wv (m/s),2020-12-05,2020-12-04,0.0025990456,0.012527302,0.008994739,0.0042763404,0.007118233,0.032678112,0.008033197,0.012752213,0.007030638,0.007236979,-0.009794048829008258,0,-0.0223444025152541
wv (m/s),2020-12-06,2020-12-04,0.0014702827,0.009176426,0.009027825,-0.0028112195,-0.00087771897,0.014439583,0.005029376,0.018100724,0.0056076297,-0.0041950606,-0.02046675377568262,0,-0.014856485870031019
wv (m/s),2020-12-07,2020-12-04,0.0013328344,0.0008046217,0.0058750827,-0.007957925,0.001592285,0.016426701,0.016771542,0.014403895,0.004886215,-0.004234286,0.011283443780178901,0,0.03799919565306442
wv (m/s),2020-12-08,2020-12-04,0.0013145357,0.0058825314,0.008110452,-0.008179483,-0.0018282761,0.0140885115,0.0046965745,0.022929229,0.0032737937,-0.0040300116,-0.01416336652792153,0,0.006031731841887773
wv (m/s),2020-12-09,2020-12-04,0.0013120323,-0.006327294,0.015520936,-0.0021270383,-0.018692324,0.0062923674,0.014066664,0.02144149,0.0017266273,-0.012244248,-0.021840996163595854,0,-0.002992148823653047
wv (m/s),2020-12-10,2020-12-04,0.0013116896,0.0061680973,0.017962206,-0.0031848904,0.00031555002,-0.009195808,0.017883008,0.01835692,0.0048626876,-0.0093285525,-0.016329364472013684,0,-0.007397455411483545
wv (m/s),2020-12-11,2020-12-04,0.0013116449,-0.0049426258,0.003805722,-0.00982394,-0.013697855,0.03574749,0.006927083,0.014646016,0.0023277935,-0.010210554,0.00670752320044453,0,-0.008534437716905447
wv (m/s),2020-12-12,2020-12-04,0.0013116449,0.012212001,0.0027004092,-0.006389807,-0.011887932,0.032975767,0.009553509,0.015280589,0.0036400808,-0.011563468,0.003913719083018589,0,0.00740064254255401
wv (m/s),2020-12-13,2020-12-04,0.0013116449,0.0043386295,0.005358017,0.0021152361,-0.008403233,0.026329406,0.014283036,0.02026635,0.0057763522,-0.0015124287,-0.018091487107145872,0,0.01638453555374238
wv (m/s),2020-12-14,2020-12-04,0.0013116449,0.012716815,0.003695446,-0.00031307712,-0.006004838,0.027147442,0.0053373505,0.02327272,0.0054271556,-0.002785719,0.018803788642066832,0,0.02851678988428192
wv (m/s),2020-12-15,2020-12-04,0.00131163,0.010169484,0.0044536907,0.00035850797,-0.008039709,0.018861137,0.003198863,0.022439633,0.0035324239,0.007245624,0.005078692746487227,0,-0.00017301919180387224
wv (m/s),2020-12-16,2020-12-04,0.0013116151,0.016959801,0.004896476,0.0023692604,-0.007989688,0.028626598,0.0024586564,0.021087386,0.0066142925,0.007949427,-0.006028544710817295,0,0.019149015391309837
wv (m/s),2020-12-17,2020-12-04,0.00131163,0.013108578,0.001023029,-0.00020880066,-0.009117427,0.030276561,-0.0028751236,0.0146731585,0.0037102562,0.0044070194,0.019866127326030793,0,0.018793125267572843
wv (m/s),2020-12-18,2020-12-04,0.0013116151,0.011475071,0.0043480257,-0.0010984065,-0.008212088,0.025494942,1.6744249e-05,0.017749306,0.004331141,0.0021521864,-0.004603651294057601,0,0.042129920347674606
