unique_id,ds,cutoff,TFT,NBEATS,TiDE,NLinear,KAN,MLP,DLinear,NHITS,DeepNPTS,PatchTST,y,SeasonalNaive
H2OC (mmol/mol),2020-12-19,2020-12-18,-0.4475655,-0.5476148,-0.5690601,-0.569631,-0.5528039,-0.83306974,-0.6038199,-0.69990444,-0.57403904,-0.60330576,-0.600846156209912,-1.101778028921377
H2OC (mmol/mol),2020-12-20,2020-12-18,-0.4922233,-0.5565561,-0.60147244,-0.5583455,-0.39032865,-0.8278959,-0.54559165,-0.696349,-0.544514,-0.5598289,-0.7152397081645446,-1.2188203567419724
H2OC (mmol/mol),2020-12-21,2020-12-18,-0.49886808,-0.5102031,-0.6300246,-0.55498815,-0.5352683,-0.83656776,-0.6523353,-0.70081025,-0.5708076,-0.5991904,-0.4619085727678704,-0.6248143290004065
H2OC (mmol/mol),2020-12-22,2020-12-18,-0.5008495,-0.5177216,-0.6342773,-0.53598166,-0.41358423,-0.78247106,-0.62438804,-0.69933605,-0.5720852,-0.52326256,0.40363817619171927,-0.7734014365529068
H2OC (mmol/mol),2020-12-23,2020-12-18,-0.5009445,-0.52168787,-0.5953596,-0.51794803,-0.6579547,-0.70648426,-0.5548196,-0.7019551,-0.5150767,-0.4928217,0.5469491729805979,-0.9651623826254276
H2OC (mmol/mol),2020-12-24,2020-12-18,-0.50096583,-0.54442376,-0.6160098,-0.5552404,-0.6119939,-0.7827623,-0.606844,-0.70095176,-0.5509947,-0.58545625,-0.3059753758925692,-0.8538037616410201
H2OC (mmol/mol),2020-12-25,2020-12-18,-0.50095546,-0.54187095,-0.6606736,-0.5412373,-0.3867209,-0.69052273,-0.74369144,-0.70410424,-0.5647678,-0.662655,-0.8310962524843113,-0.8287461264509576
H2OC (mmol/mol),2020-12-26,2020-12-18,-0.5009439,-0.5402641,-0.6897094,-0.5573996,-0.5016947,-0.65556055,-0.7143997,-0.7053076,-0.57620883,-0.73237777,-1.04186053555501,-0.5829478453598674
H2OC (mmol/mol),2020-12-27,2020-12-18,-0.50093186,-0.526265,-0.62037677,-0.5783025,-0.4699285,-0.5719739,-0.6223107,-0.7020927,-0.5784553,-0.61846375,-1.2408741884589403,-0.056208338917338625
H2OC (mmol/mol),2020-12-28,2020-12-18,-0.5009202,-0.5605644,-0.5988932,-0.56125313,-0.5274995,-0.5138552,-0.59511626,-0.70136225,-0.5579889,-0.65044445,-0.9388752112987101,-0.2418682955522791
H2OC (mmol/mol),2020-12-29,2020-12-18,-0.5009086,-0.5613173,-0.644615,-0.5596257,-0.38298577,-0.48777974,-0.66172457,-0.69953805,-0.5696301,-0.64389604,-0.7481103451343656,-0.9342839054719596
H2OC (mmol/mol),2020-12-30,2020-12-18,-0.50089705,-0.5609096,-0.7026831,-0.5773684,-0.48054457,-0.41042462,-0.6119226,-0.7037796,-0.5664129,-0.6318149,-0.7371845936415558,-0.976477227832369
H2OC (mmol/mol),2020-12-31,2020-12-18,-0.5008856,-0.5600344,-0.66053236,-0.5318083,-0.42996496,-0.43682414,-0.57602155,-0.7060608,-0.569209,-0.5750073,-0.8963083589727346,-0.6784470065562791
H2OC (mmol/mol),2021-01-01,2020-12-18,-0.5008745,-0.57586914,-0.6107727,-0.56010044,-0.42740095,-0.42367047,-0.6427031,-0.7053708,-0.5558603,-0.57920957,-0.8960126477499947,-0.6948823250411896
OT,2020-12-19,2020-12-18,0.097157896,0.087569416,0.0851585,0.09251463,0.054818746,0.09166488,0.07794984,0.07152334,0.090704806,0.0779239,0.06083352551970732,0.062237962104810675
OT,2020-12-20,2020-12-18,0.08522862,0.067862496,0.09955668,0.088645466,0.1066133,0.07738927,0.09982152,0.075078726,0.09381853,0.08944392,0.0715208451290114,0.08652722366994825
OT,2020-12-21,2020-12-18,0.06323172,0.0568755,0.09862469,0.08521848,0.10510649,0.07199643,0.102016166,0.07061753,0.091059186,0.10088885,0.07805550171192147,0.04627388381131372
OT,2020-12-22,2020-12-18,0.05696737,0.041542336,0.096893325,0.08237148,0.091844104,0.07710252,0.1136751,0.07209171,0.0892158,0.10942206,0.03505482076570309,0.024172166832857837
OT,2020-12-23,2020-12-18,0.05562888,0.044410653,0.091980375,0.081375696,0.09737989,0.07032284,0.09411175,0.06947271,0.09240666,0.08604801,0.06242694717748306,0.02312857512282764
OT,2020-12-24,2020-12-18,0.055394653,0.05818152,0.087702155,0.0815263,0.091351114,0.070433065,0.09564729,0.070476055,0.09263997,0.08417181,0.028771566691795092,0.055765685014500015
OT,2020-12-25,2020-12-18,0.05537098,0.052688897,0.08893502,0.08254764,0.12545551,0.081789345,0.09275605,0.06732355,0.09283346,0.091819204,0.03276145111523813,0.06304188856640901
OT,2020-12-26,2020-12-18,0.05537952,0.06886293,0.08625004,0.07933079,0.08387163,0.067117564,0.08337219,0.0661201,0.09285707,0.08940482,0.04480345043132316,0.055304478972805556
OT,2020-12-27,2020-12-18,0.05538889,0.06012527,0.08798554,0.08477678,0.096179605,0.07519059,0.08305646,0.069335125,0.09451171,0.089530304,0.03576562066525574,0.06968868152024087
OT,2020-12-28,2020-12-18,0.055395365,0.09431968,0.0964633,0.09139316,0.084800154,0.07437694,0.09228568,0.07006556,0.09613972,0.091583945,0.04876077913417598,0.030348710489275756
OT,2020-12-29,2020-12-18,0.05539971,0.07154531,0.094358996,0.09032985,0.08697557,0.10212104,0.08955855,0.07188972,0.09352931,0.098630756,0.05229850077164403,0.02430781566865034
OT,2020-12-30,2020-12-18,0.055402406,0.0714771,0.092902824,0.084704876,0.10843264,0.10022877,0.104770735,0.0676482,0.0904329,0.11589164,0.04691957226968596,0.04054588563858297
OT,2020-12-31,2020-12-18,0.055404194,0.076105244,0.09001697,0.08934679,0.14359841,0.080296814,0.11594493,0.06536697,0.095099926,0.12855795,0.04825797411617183,0.045995351535153155
OT,2021-01-01,2020-12-18,0.055405382,0.08175251,0.08934067,0.08678616,0.11759425,0.08788783,0.09961452,0.066057,0.093010746,0.13083112,0.0662721395094141,0.04284287259133575
PAR (�mol/m�/s),2020-12-19,2020-12-18,-0.40246522,-0.46313408,-0.5225785,-0.5138384,-0.5016516,-0.5212168,-0.50333655,-0.46825135,-0.5155158,-0.46415973,-0.4880776463422402,-0.4746432103567496
PAR (�mol/m�/s),2020-12-20,2020-12-18,-0.38027474,-0.47207534,-0.5318803,-0.5450022,-0.51559645,-0.49638817,-0.53403115,-0.46469596,-0.5394913,-0.5318676,-0.6223513861638605,-0.47257423376973445
PAR (�mol/m�/s),2020-12-21,2020-12-18,-0.38133484,-0.42572236,-0.5439651,-0.54593825,-0.6228615,-0.5647508,-0.61706907,-0.46915716,-0.54181963,-0.5606242,-0.5064758660568719,-0.6257479737249639
PAR (�mol/m�/s),2020-12-22,2020-12-18,-0.38232115,-0.43324083,-0.56163615,-0.56118286,-0.6596793,-0.5570483,-0.59651583,-0.467683,-0.55539477,-0.5740588,-0.5843524244709035,-0.6392157779744742
PAR (�mol/m�/s),2020-12-23,2020-12-18,-0.3823722,-0.4372071,-0.5341211,-0.5586404,-0.5907593,-0.5328467,-0.57500553,-0.470302,-0.54854846,-0.55918384,-0.619311920267003,-0.5400847683716135
PAR (�mol/m�/s),2020-12-24,2020-12-18,-0.38235477,-0.45994303,-0.5510146,-0.5761424,-0.62463754,-0.555926,-0.59277546,-0.46929863,-0.56518376,-0.5514534,-0.5547785370214817,-0.5951573206897194
PAR (�mol/m�/s),2020-12-25,2020-12-18,-0.38234767,-0.45739013,-0.5866014,-0.56395805,-0.5962834,-0.53899854,-0.58543503,-0.47245115,-0.56423503,-0.5195945,-0.6204791309577469,-0.5883697835497483
PAR (�mol/m�/s),2020-12-26,2020-12-18,-0.3823456,-0.45578337,-0.5707204,-0.5580658,-0.59684855,-0.51319873,-0.5636909,-0.4736545,-0.5616498,-0.50721836,-0.5819178547207552,-0.6332982705142441
PAR (�mol/m�/s),2020-12-27,2020-12-18,-0.38234514,-0.44178435,-0.5542142,-0.56701124,-0.6102221,-0.47957113,-0.56692815,-0.47043955,-0.55925316,-0.5225515,-0.632619932230517,-0.636776015345951
PAR (�mol/m�/s),2020-12-28,2020-12-18,-0.3823451,-0.47608367,-0.5381243,-0.5699965,-0.5976602,-0.5184654,-0.52583635,-0.46970913,-0.56219155,-0.483288,-0.5882620684154558,-0.608379724344023
PAR (�mol/m�/s),2020-12-29,2020-12-18,-0.3823451,-0.47683656,-0.5742431,-0.5660958,-0.6609071,-0.5167816,-0.54985875,-0.46788493,-0.56171,-0.5441055,-0.5519338782476628,-0.49037571757510307
PAR (�mol/m�/s),2020-12-30,2020-12-18,-0.38234514,-0.47642884,-0.5678481,-0.56711113,-0.7033,-0.5100519,-0.5883024,-0.47212648,-0.56035364,-0.58393157,-0.5562194865865643,-0.5083831361000285
PAR (�mol/m�/s),2020-12-31,2020-12-18,-0.3823451,-0.47555363,-0.5527088,-0.5503421,-0.7278332,-0.5890572,-0.62339175,-0.47440773,-0.54853743,-0.61229306,-0.56680168250707,-0.562101830841798
PAR (�mol/m�/s),2021-01-01,2020-12-18,-0.3823451,-0.49138838,-0.52887404,-0.5600539,-0.62155354,-0.6200027,-0.5616965,-0.4737177,-0.5634821,-0.6014,-0.6794927812265621,-0.5368501986158098
SWDR (W/m�),2020-12-19,2020-12-18,-0.4016036,-0.45297554,-0.51480675,-0.50499034,-0.47956133,-0.5065791,-0.4942752,-0.46284983,-0.5067618,-0.44779906,-0.4799250251914518,-0.4311250435777492
SWDR (W/m�),2020-12-20,2020-12-18,-0.37281796,-0.4619168,-0.52460206,-0.53745544,-0.5027688,-0.4818914,-0.52646,-0.45929444,-0.5322427,-0.5242774,-0.6177789603810729,-0.39442683363066283
SWDR (W/m�),2020-12-21,2020-12-18,-0.37933818,-0.41556382,-0.53586,-0.538622,-0.6144876,-0.5496918,-0.6126987,-0.46375564,-0.5347173,-0.55579937,-0.5022313290734881,-0.6243142670974572
SWDR (W/m�),2020-12-22,2020-12-18,-0.38157046,-0.4230823,-0.55416566,-0.554784,-0.6560682,-0.54328924,-0.591061,-0.46228147,-0.5490957,-0.5710001,-0.5821269151167465,-0.6390943964787329
SWDR (W/m�),2020-12-23,2020-12-18,-0.38189545,-0.42704856,-0.52522236,-0.55182236,-0.5820936,-0.52064395,-0.5685409,-0.46490046,-0.5417314,-0.55684906,-0.6165999236925311,-0.5397970550015058
SWDR (W/m�),2020-12-24,2020-12-18,-0.38193575,-0.4497845,-0.5429427,-0.57004356,-0.6180386,-0.5441309,-0.58742875,-0.4638971,-0.5592756,-0.54471207,-0.5486156910325771,-0.5927266119965178
SWDR (W/m�),2020-12-25,2020-12-18,-0.3819405,-0.4472316,-0.5798994,-0.5571713,-0.5856989,-0.5288653,-0.57887274,-0.4670496,-0.5580191,-0.5079507,-0.6176396514087465,-0.5879403745067961
SWDR (W/m�),2020-12-26,2020-12-18,-0.381941,-0.44562483,-0.5627521,-0.5505942,-0.5894191,-0.5029256,-0.5559229,-0.46825302,-0.555024,-0.4947519,-0.5774543933017214,-0.6317814025139123
SWDR (W/m�),2020-12-27,2020-12-18,-0.38194096,-0.4316258,-0.54630286,-0.56079245,-0.6027399,-0.46911922,-0.5596209,-0.46503803,-0.5529828,-0.51151234,-0.6264737015849812,-0.6354909765056119
SWDR (W/m�),2020-12-28,2020-12-18,-0.3819409,-0.46592513,-0.52987254,-0.5638977,-0.5826452,-0.50695187,-0.517422,-0.4643076,-0.5560836,-0.4700871,-0.5823808122625524,-0.608186708762552
SWDR (W/m�),2020-12-29,2020-12-18,-0.381941,-0.46667802,-0.56676257,-0.5597924,-0.6547037,-0.504984,-0.54189897,-0.46248344,-0.55563474,-0.54002964,-0.5448054888479236,-0.4876873560294338
SWDR (W/m�),2020-12-30,2020-12-18,-0.3819409,-0.4662703,-0.5596558,-0.5608098,-0.69919866,-0.4990503,-0.5832376,-0.46672496,-0.55415386,-0.5835611,-0.5489225197712084,-0.5047452888997719
SWDR (W/m�),2020-12-31,2020-12-18,-0.38194087,-0.4653951,-0.54509634,-0.5431978,-0.7308171,-0.5767234,-0.6212733,-0.4690062,-0.54153895,-0.61430895,-0.559262212013694,-0.5656096406588405
SWDR (W/m�),2021-01-01,2020-12-18,-0.38194087,-0.48122984,-0.52003616,-0.5532647,-0.6208302,-0.60851216,-0.5550663,-0.46831617,-0.55727947,-0.6017622,-0.6727667420047998,-0.5377309778837454
T (degC),2020-12-19,2020-12-18,-1.3273244,-1.0920764,-1.0865532,-1.1185398,-1.042198,-1.4162322,-1.0939754,-0.59788877,-1.1105198,-1.0979537,-1.0600621318128156,-1.6185871529877782
T (degC),2020-12-20,2020-12-18,-0.9690691,-1.1010176,-1.1608267,-1.094795,-1.0171005,-1.353652,-1.077296,-0.59433335,-1.0806137,-1.1575127,-1.1194348737799467,-1.6888247776123284
T (degC),2020-12-21,2020-12-18,-0.8027841,-1.0546645,-1.1593347,-1.0739506,-1.0269035,-1.3312578,-1.1681286,-0.5987946,-1.0797085,-1.3419684,-1.0165875009315946,-0.9255085091247651
T (degC),2020-12-22,2020-12-18,-0.6717107,-1.0621831,-1.2079786,-1.0351762,-1.0463849,-1.2180805,-1.2608505,-0.5973204,-1.0628873,-1.2657676,-0.09774505913840531,-1.061591661458885
T (degC),2020-12-23,2020-12-18,-0.62952566,-1.0661494,-1.1024659,-1.0287011,-1.0070152,-1.0840774,-1.0482527,-0.5999394,-1.0197706,-1.0153288,-0.25166972493226464,-1.197620830393732
T (degC),2020-12-24,2020-12-18,-0.61523736,-1.0888853,-1.1452143,-1.0696274,-1.1036514,-1.27428,-1.1685392,-0.5989361,-1.0677994,-1.238171,-0.7054721736878571,-1.2093982086684667
T (degC),2020-12-25,2020-12-18,-0.61027646,-1.0863324,-1.2176597,-1.0680574,-1.1174407,-1.1969867,-1.281283,-0.6020886,-1.0945224,-1.3211602,-1.3531200119997215,-1.2357780964465583
T (degC),2020-12-26,2020-12-18,-0.60841775,-1.0847257,-1.2097223,-1.0685495,-1.1053672,-1.2123878,-1.1936015,-0.60329205,-1.0907772,-1.379929,-1.5601193565121905,-0.9256704593225843
T (degC),2020-12-27,2020-12-18,-0.60770774,-1.0707266,-1.157222,-1.0943675,-1.1062368,-1.1378562,-1.0935731,-0.600077,-1.0914572,-1.2990177,-1.4318278081398126,-0.5716473268899928
T (degC),2020-12-28,2020-12-18,-0.6074357,-1.1050259,-1.1526527,-1.0884233,-1.1339551,-1.0629027,-1.1139492,-0.5993466,-1.0884459,-1.3452046,-1.3325163479438449,-0.472965673018877
T (degC),2020-12-29,2020-12-18,-0.60733116,-1.1057789,-1.2095976,-1.0811061,-1.069855,-0.9967277,-1.2174562,-0.59752226,-1.0841564,-1.3949621,-1.3356293906352568,-1.112965863100394
T (degC),2020-12-30,2020-12-18,-0.6072916,-1.105371,-1.2379303,-1.0857595,-1.102862,-0.82979107,-1.2255864,-0.6017639,-1.073511,-1.3879716,-1.212322309462423,-1.2612312692037966
T (degC),2020-12-31,2020-12-18,-0.60727656,-1.104496,-1.179705,-1.0590215,-1.1776614,-0.82987756,-1.1943208,-0.60404515,-1.077584,-1.2490656,-1.3096723728181372,-1.0292376108279102
T (degC),2021-01-01,2020-12-18,-0.6072707,-1.1203307,-1.1076181,-1.0696315,-1.1264712,-0.7422424,-1.2289507,-0.6033551,-1.079916,-1.1916542,-1.2915519451288202,-0.6075282929401395
Tdew (degC),2020-12-19,2020-12-18,-0.3981903,-0.4238205,-0.45242146,-0.46113244,-0.4780283,-0.7729747,-0.5010737,-0.642016,-0.4646317,-0.50782084,-0.49142486091276766,-1.24429679148814
Tdew (degC),2020-12-20,2020-12-18,-0.36718437,-0.43274733,-0.5137555,-0.45550403,-0.26629913,-0.8196407,-0.44169202,-0.6384606,-0.4363629,-0.46204486,-0.6493194113933618,-1.4988969406325632
Tdew (degC),2020-12-21,2020-12-18,-0.37814477,-0.38645065,-0.54201037,-0.45319596,-0.3646217,-0.84542584,-0.5623956,-0.6429218,-0.4727696,-0.501479,-0.31513900070140904,-0.5364148171933996
Tdew (degC),2020-12-22,2020-12-18,-0.3809728,-0.39409626,-0.54720247,-0.43302155,-0.20300439,-0.7773251,-0.53618026,-0.6414476,-0.47717896,-0.40556967,0.5549139002357113,-0.7253017324948207
Tdew (degC),2020-12-23,2020-12-18,-0.3813951,-0.3982604,-0.51659137,-0.40962797,-0.5667354,-0.67265695,-0.46466988,-0.64406663,-0.41094494,-0.38131297,0.682073907994508,-1.004426382456535
Tdew (degC),2020-12-24,2020-12-18,-0.3814527,-0.42126498,-0.5292192,-0.45142266,-0.5312383,-0.691796,-0.50877047,-0.6430633,-0.44956672,-0.48446545,-0.17654887988564197,-0.8405696959358857
Tdew (degC),2020-12-25,2020-12-18,-0.38146052,-0.4190515,-0.6142728,-0.4377211,-0.2628156,-0.5628904,-0.7151173,-0.6462158,-0.46539956,-0.58819795,-0.832480527578838,-0.813272781201147
Tdew (degC),2020-12-26,2020-12-18,-0.38146153,-0.41785496,-0.6461014,-0.45927897,-0.42692432,-0.5037363,-0.67249817,-0.64741915,-0.48526397,-0.68737537,-1.1599145933461878,-0.46552448254777157
Tdew (degC),2020-12-27,2020-12-18,-0.38146156,-0.40433687,-0.5467624,-0.48593232,-0.27058128,-0.39436874,-0.54523957,-0.6442042,-0.490924,-0.53504026,-1.590606409774816,0.13278392601235142
Tdew (degC),2020-12-28,2020-12-18,-0.3814616,-0.4391879,-0.5057754,-0.4678891,-0.45528895,-0.32778978,-0.50857633,-0.6434738,-0.4658911,-0.5799479,-1.0817192992280598,-0.07057325459709521
Tdew (degC),2020-12-29,2020-12-18,-0.38146162,-0.44056338,-0.58226395,-0.47103846,-0.25950485,-0.33381003,-0.6023934,-0.6416496,-0.4794051,-0.5759791,-0.7621595500685666,-0.9604032590472633
Tdew (degC),2020-12-30,2020-12-18,-0.38146162,-0.44084892,-0.6580467,-0.48766655,-0.29878125,-0.29928294,-0.54443854,-0.64589113,-0.47229972,-0.5768259,-0.7166754347647949,-1.0432930638852183
Tdew (degC),2020-12-31,2020-12-18,-0.38146168,-0.44073778,-0.60397154,-0.42709976,-0.27828896,-0.36540434,-0.5048469,-0.6481724,-0.47654837,-0.50139505,-0.9481889371057449,-0.593275332616844
Tdew (degC),2021-01-01,2020-12-18,-0.38146162,-0.45740736,-0.5326812,-0.45902738,-0.2612174,-0.39655784,-0.5727488,-0.64748245,-0.4552406,-0.51036644,-0.9489516608153736,-0.6326254304812076
Tlog (degC),2020-12-19,2020-12-18,-1.254644,-1.1188316,-1.1064757,-1.132879,-1.1098154,-1.3501161,-1.142594,-0.74317485,-1.135988,-1.158513,-1.17729025675558,-1.3690158006113053
Tlog (degC),2020-12-20,2020-12-18,-0.9605706,-1.1277728,-1.1517571,-1.1067084,-0.81354034,-1.2806851,-1.0506876,-0.73961943,-1.0901611,-1.1313274,-1.2334342768866673,-1.4424815307577044
Tlog (degC),2020-12-21,2020-12-18,-0.7628175,-1.0814197,-1.1457627,-1.0988921,-1.0074197,-1.2564733,-1.1870056,-0.74408066,-1.1113385,-1.2846148,-1.1039461461161164,-1.065628940439055
Tlog (degC),2020-12-22,2020-12-18,-0.6270058,-1.0889382,-1.191511,-1.061051,-0.96082234,-1.1471651,-1.2212042,-0.74260646,-1.0991069,-1.2055801,-0.45611378979733164,-1.1081591237507593
Tlog (degC),2020-12-23,2020-12-18,-0.59116197,-1.0929047,-1.1035024,-1.0596308,-1.0326732,-1.0213811,-1.0569512,-0.7452255,-1.0377637,-1.0998296,-0.3746831993591424,-1.1122415338967253
Tlog (degC),2020-12-24,2020-12-18,-0.58516943,-1.1156405,-1.1674395,-1.1128772,-1.1354684,-1.2051129,-1.2073392,-0.74422216,-1.1011428,-1.2451578,-0.8515940085005587,-1.0188335524972374
Tlog (degC),2020-12-25,2020-12-18,-0.5842122,-1.1130877,-1.2037867,-1.0850825,-1.0869076,-1.138829,-1.27224,-0.74737465,-1.1220219,-1.3009624,-1.3410218875564714,-1.1565300260559457
Tlog (degC),2020-12-26,2020-12-18,-0.58402693,-1.111481,-1.2138859,-1.0936459,-1.1165775,-1.1603494,-1.2038226,-0.748578,-1.1156955,-1.3459845,-1.6507801976936605,-0.9047175673935857
Tlog (degC),2020-12-27,2020-12-18,-0.58397746,-1.0974818,-1.142029,-1.1260636,-1.0522934,-1.0982575,-1.1032104,-0.74536306,-1.1100547,-1.2440187,-1.6817421015085872,-0.6354525877447408
Tlog (degC),2020-12-28,2020-12-18,-0.5839609,-1.1317811,-1.1388834,-1.1096194,-1.1240726,-1.0346648,-1.1127671,-0.74463266,-1.0987651,-1.2461084,-1.3424146074356922,-0.6125858682277848
Tlog (degC),2020-12-29,2020-12-18,-0.58395445,-1.132534,-1.2132182,-1.1062988,-1.0488365,-0.96699345,-1.2069495,-0.74280834,-1.1019388,-1.2904611,-1.4772124827457722,-1.0348933536045017
Tlog (degC),2020-12-30,2020-12-18,-0.58395195,-1.1321262,-1.2766168,-1.1177828,-1.0786474,-0.80744636,-1.1831762,-0.74705,-1.1018616,-1.2911986,-1.3012510305054734,-1.2774268160715532
Tlog (degC),2020-12-31,2020-12-18,-0.58395076,-1.1312512,-1.2149223,-1.0674975,-1.0687953,-0.8050737,-1.1434815,-0.74933124,-1.0848557,-1.2475023,-1.3453219101835656,-1.0529551895381462
Tlog (degC),2021-01-01,2020-12-18,-0.58395016,-1.1470859,-1.1199853,-1.1014757,-1.0752214,-0.71222496,-1.230458,-0.7486411,-1.1074444,-1.2153487,-1.1696825244153366,-0.8114053354857944
Tpot (K),2020-12-19,2020-12-18,-1.3169326,-1.1431783,-1.0698446,-1.1263905,-1.1735927,-1.3877501,-1.1015681,-0.7877199,-1.1238745,-1.0993577,-1.0728039342781948,-1.7435872542136461
Tpot (K),2020-12-20,2020-12-18,-0.9940138,-1.1521195,-1.1109108,-1.0578296,-0.9945213,-1.3391082,-1.0480788,-0.7841645,-1.0447931,-1.1064984,-1.1363214007767726,-1.7539346836426515
Tpot (K),2020-12-21,2020-12-18,-0.836305,-1.1057664,-1.0591184,-1.0182657,-1.1170311,-1.3274474,-1.1012069,-0.7886257,-1.0232477,-1.211803,-1.0356811724743034,-0.937067257493361
Tpot (K),2020-12-22,2020-12-18,-0.7268475,-1.113285,-1.1393721,-0.97442794,-1.0945637,-1.2257093,-1.2078704,-0.7871515,-1.0014757,-1.1715069,-0.05607710242477727,-1.1147249358521079
Tpot (K),2020-12-23,2020-12-18,-0.6714575,-1.1172513,-1.0384208,-0.97593176,-0.97712547,-1.0959411,-0.9899816,-0.78977054,-0.96146786,-0.9484413,-0.19440149535614948,-1.3355404563836206
Tpot (K),2020-12-24,2020-12-18,-0.64930105,-1.1399872,-1.0952475,-1.011482,-1.146929,-1.2718711,-1.1164986,-0.7887672,-1.0115343,-1.1564363,-0.60039222895008,-1.289058056856489
Tpot (K),2020-12-25,2020-12-18,-0.64114237,-1.1374344,-1.1134933,-1.0111092,-1.1618073,-1.1743114,-1.1511282,-0.7919197,-1.0366232,-1.1800077,-1.337865014955934,-1.2964703285304697
Tpot (K),2020-12-26,2020-12-18,-0.6379447,-1.1358277,-1.0947549,-1.0080826,-1.3143884,-1.165685,-1.0764068,-0.79312307,-1.018373,-1.195782,-1.5672331566497335,-0.9881724584076975
Tpot (K),2020-12-27,2020-12-18,-0.6366874,-1.1218286,-1.079241,-1.0300338,-1.0316048,-1.0726173,-1.026464,-0.7899081,-1.0215926,-1.1698933,-1.2175756877780597,-0.5720062986104316
Tpot (K),2020-12-28,2020-12-18,-0.6361921,-1.1561278,-1.102304,-1.021133,-0.9840681,-0.99077624,-1.0676236,-0.7891777,-1.0100242,-1.2034425,-0.9558567082929676,-0.4652169549902576
Tpot (K),2020-12-29,2020-12-18,-0.63599765,-1.1568809,-1.12507,-0.99554354,-1.0640593,-0.93717605,-1.1068672,-0.7873535,-0.995029,-1.2678804,-1.0246022385994653,-1.223084452998486
Tpot (K),2020-12-30,2020-12-18,-0.63592184,-1.1564729,-1.156941,-1.0019946,-0.9867636,-0.7775032,-1.0950058,-0.79159504,-0.98478496,-1.2592754,-1.0341373147055215,-1.3035054076813968
Tpot (K),2020-12-31,2020-12-18,-0.6358924,-1.1555979,-1.0979962,-0.99609053,-1.0770069,-0.78598636,-1.0587982,-0.7938763,-0.9908893,-1.1593516,-1.1637511919300736,-1.0444618635342504
Tpot (K),2021-01-01,2020-12-18,-0.63588095,-1.1714326,-1.0254226,-1.0041311,-1.0571458,-0.72208863,-1.1114659,-0.7931861,-1.0029976,-1.1523913,-1.1393038532846482,-0.5580150875808455
VPact (mbar),2020-12-19,2020-12-18,-0.4316794,-0.5359478,-0.5656437,-0.56491876,-0.5360003,-0.83579326,-0.5997893,-0.6907282,-0.5685158,-0.60567796,-0.5962088647645353,-1.086743231465888
VPact (mbar),2020-12-20,2020-12-18,-0.4895818,-0.54488903,-0.6062028,-0.5607653,-0.40518922,-0.8285745,-0.547239,-0.6871728,-0.5463446,-0.5621783,-0.7107494711371244,-1.2126682722518183
VPact (mbar),2020-12-21,2020-12-18,-0.49314824,-0.49853605,-0.6386526,-0.56055987,-0.5556021,-0.83640295,-0.66086686,-0.691634,-0.5765483,-0.61117715,-0.45531965386436674,-0.6210410028444843
VPact (mbar),2020-12-22,2020-12-18,-0.49512056,-0.5060545,-0.6392652,-0.5423211,-0.4043705,-0.7818904,-0.62958026,-0.6901598,-0.57917976,-0.5323642,0.39767692640227753,-0.7640153551101447
VPact (mbar),2020-12-23,2020-12-18,-0.4950963,-0.5100208,-0.60231376,-0.5226372,-0.6703042,-0.705979,-0.5603184,-0.6927788,-0.52170897,-0.513247,0.5375867527216847,-0.9467653585751127
VPact (mbar),2020-12-24,2020-12-18,-0.4951065,-0.5327567,-0.620572,-0.561078,-0.6329583,-0.78379256,-0.612176,-0.6917755,-0.5567923,-0.5998653,-0.32296056673211965,-0.8409286377509028
VPact (mbar),2020-12-25,2020-12-18,-0.4950694,-0.5302039,-0.67707753,-0.5468463,-0.40731335,-0.6930345,-0.7609982,-0.694928,-0.571276,-0.67679983,-0.8318772286416083,-0.8180710653579726
VPact (mbar),2020-12-26,2020-12-18,-0.4950337,-0.52859706,-0.7071017,-0.5633502,-0.5381299,-0.65937036,-0.7300254,-0.69613135,-0.5844729,-0.7508254,-1.0402807895123252,-0.5701603942213826
VPact (mbar),2020-12-27,2020-12-18,-0.4949977,-0.514598,-0.6292656,-0.5849673,-0.45812422,-0.5772013,-0.6300753,-0.69291633,-0.5862705,-0.6299904,-1.2624905136666777,-0.052113340575118884
VPact (mbar),2020-12-28,2020-12-18,-0.494962,-0.5488973,-0.60157293,-0.5683426,-0.5272678,-0.52006453,-0.5990743,-0.692186,-0.5665434,-0.6599312,-0.9861460966370166,-0.24121354728953948
VPact (mbar),2020-12-29,2020-12-18,-0.49492672,-0.54965025,-0.65687585,-0.56938463,-0.40369213,-0.49312478,-0.6761309,-0.6903618,-0.579453,-0.6562159,-0.7913117511674932,-0.9193741833647873
VPact (mbar),2020-12-30,2020-12-18,-0.49489143,-0.54924256,-0.7145042,-0.58726543,-0.46199763,-0.41491503,-0.6291349,-0.6946033,-0.5766484,-0.6531617,-0.7613773353522876,-0.9705549259723159
VPact (mbar),2020-12-31,2020-12-18,-0.49485663,-0.5483673,-0.67110825,-0.5384882,-0.4420234,-0.44038707,-0.59354556,-0.6968846,-0.5786244,-0.5989484,-0.9146036326649498,-0.6738961771546047
VPact (mbar),2021-01-01,2020-12-18,-0.49482206,-0.5642021,-0.62088674,-0.5673943,-0.41384944,-0.42548442,-0.65816087,-0.6961945,-0.56433356,-0.60045856,-0.9154408485162456,-0.7018244342317992
VPdef (mbar),2020-12-19,2020-12-18,-0.8900058,-0.87021184,-0.8725426,-0.89836013,-0.8532513,-0.9273188,-0.8592707,-0.7089025,-0.88918334,-0.8799763,-0.837155976469696,-0.837727105348989
VPdef (mbar),2020-12-20,2020-12-18,-0.78078806,-0.87915313,-0.90639454,-0.8936765,-0.8792685,-0.89555156,-0.8882814,-0.70534706,-0.8858063,-0.93170214,-0.8065674260056874,-0.7623081464496873
VPdef (mbar),2020-12-21,2020-12-18,-0.5675342,-0.83280015,-0.8697276,-0.8813856,-0.94195056,-0.9410771,-0.88490623,-0.7098083,-0.8642616,-0.9311311,-0.9176156290171402,-0.7169312083190406
VPdef (mbar),2020-12-22,2020-12-18,-0.5168991,-0.8403187,-0.91008276,-0.86685205,-1.0312995,-0.86448264,-0.9661402,-0.7083341,-0.85181737,-0.9792152,-0.6717895667304248,-0.7261195382853447
VPdef (mbar),2020-12-23,2020-12-18,-0.5047729,-0.8442849,-0.86798227,-0.87794524,-0.8276373,-0.76990396,-0.85768425,-0.7109531,-0.8611769,-0.8923581,-0.9671455511146311,-0.6902838749340484
VPdef (mbar),2020-12-24,2020-12-18,-0.5006943,-0.8670208,-0.8921386,-0.88310766,-0.92341685,-0.76080495,-0.92429817,-0.7099498,-0.87094766,-0.9300607,-0.7441197237507037,-0.7700376378554002
VPdef (mbar),2020-12-25,2020-12-18,-0.4985772,-0.864468,-0.9211189,-0.8890015,-0.8759438,-0.6753011,-0.9003497,-0.7131023,-0.8811015,-0.91819453,-0.879391705764231,-0.8034379819966773
VPdef (mbar),2020-12-26,2020-12-18,-0.49725637,-0.86286116,-0.8915406,-0.88072264,-0.8663224,-0.6710401,-0.857367,-0.71430564,-0.87013537,-0.8765617,-0.8439678113614887,-0.7660258318137745
VPdef (mbar),2020-12-27,2020-12-18,-0.4964063,-0.84886205,-0.89150333,-0.88059396,-0.8820771,-0.65946215,-0.84630346,-0.7110907,-0.8674436,-0.9012988,-0.6083771486531147,-0.8367324426940406
VPdef (mbar),2020-12-28,2020-12-18,-0.4958566,-0.88316137,-0.89535683,-0.8821372,-0.87813586,-0.72566366,-0.8679597,-0.7103603,-0.8777522,-0.9002974,-0.7483315318530557,-0.6076947886812252
VPdef (mbar),2020-12-29,2020-12-18,-0.4954985,-0.88391435,-0.9195414,-0.8769625,-0.9640056,-0.7319869,-0.9082759,-0.7085361,-0.8678817,-0.9077915,-0.8946742161691338,-0.6457657691818145
VPdef (mbar),2020-12-30,2020-12-18,-0.49526146,-0.88350666,-0.8989586,-0.8728031,-0.98932344,-0.6969721,-0.9507618,-0.7127776,-0.8597846,-0.9312583,-0.8361794958202681,-0.7094134838011554
VPdef (mbar),2020-12-31,2020-12-18,-0.49510136,-0.8826314,-0.87579703,-0.885774,-0.97673386,-0.7947055,-0.9423354,-0.71505886,-0.8628272,-0.9181727,-0.7880613529749622,-0.7716729488225145
VPdef (mbar),2021-01-01,2020-12-18,-0.49499074,-0.89846617,-0.8605009,-0.87586915,-0.9667779,-0.7598217,-0.9324436,-0.71436876,-0.87419015,-0.90497965,-0.7792024381675012,-0.3837160103220729
VPmax (mbar),2020-12-19,2020-12-18,-1.0019255,-0.93155175,-0.9462795,-0.9600685,-0.8978543,-1.1931388,-0.94889593,-0.60871977,-0.95608264,-0.9487106,-0.9326866261659867,-1.1989246940804101
VPmax (mbar),2020-12-20,2020-12-18,-0.8673501,-0.94049305,-0.9846778,-0.9525166,-0.90262043,-1.1211172,-0.9404417,-0.60516435,-0.9420595,-0.9841841,-0.9724996705886636,-1.2123285174497243
VPmax (mbar),2020-12-21,2020-12-18,-0.59936893,-0.89414006,-0.98930883,-0.9430945,-0.9106297,-1.1033746,-1.004237,-0.6096256,-0.9428562,-1.0946379,-0.9147797481518292,-0.8586184348965236
VPmax (mbar),2020-12-22,2020-12-18,-0.5387074,-0.90165854,-1.0138217,-0.92221034,-0.9238553,-1.0075763,-1.0441716,-0.6081514,-0.9344739,-1.0476106,-0.2733264320856265,-0.9428518409927703
VPmax (mbar),2020-12-23,2020-12-18,-0.5272275,-0.9056248,-0.95443183,-0.9188609,-0.9041311,-0.896525,-0.92607915,-0.6107704,-0.9082931,-0.9160667,-0.4125479126576765,-1.015832431349848
VPmax (mbar),2020-12-24,2020-12-18,-0.5249574,-0.9283607,-0.98112166,-0.9435912,-0.96269196,-1.0356218,-0.9992703,-0.6097671,-0.936302,-1.0353371,-0.7167764355906946,-1.0164318964196668
VPmax (mbar),2020-12-25,2020-12-18,-0.52425456,-0.9258079,-1.0184038,-0.9403781,-0.95134115,-0.9737348,-1.054852,-0.61291957,-0.9525915,-1.0803735,-1.0911252441190835,-1.0282927410153664
VPmax (mbar),2020-12-26,2020-12-18,-0.5238867,-0.9242011,-1.0177208,-0.9428168,-0.95823926,-0.9896783,-1.0087898,-0.614123,-0.95006037,-1.1169494,-1.1784244858581177,-0.8667283409125003
VPmax (mbar),2020-12-27,2020-12-18,-0.52364075,-0.910202,-0.98410314,-0.9555446,-0.95969003,-0.94857925,-0.9519057,-0.610908,-0.9487664,-1.064069,-1.127315806762713,-0.6373901327732681
VPmax (mbar),2020-12-28,2020-12-18,-0.52346385,-0.9445013,-0.9799188,-0.9489793,-0.9592855,-0.916686,-0.9565308,-0.6101776,-0.947027,-1.0806427,-1.0793671649639243,-0.5731189135019857
VPmax (mbar),2020-12-29,2020-12-18,-0.523334,-0.94525427,-1.0149313,-0.9454818,-0.9135655,-0.85974073,-1.0199698,-0.6083534,-0.9461999,-1.1116295,-1.0802149798483822,-0.968431871900608
VPmax (mbar),2020-12-30,2020-12-18,-0.52323806,-0.9448466,-1.032987,-0.95139134,-0.9478897,-0.7262968,-1.0291218,-0.6125949,-0.9415919,-1.1083733,-1.021527349513126,-1.0426884664777283
VPmax (mbar),2020-12-31,2020-12-18,-0.52316713,-0.94397134,-0.99779195,-0.93444407,-0.9858156,-0.73343,-1.0109042,-0.61487615,-0.9426622,-1.0437738,-1.0694588637384914,-0.9270430907229787
VPmax (mbar),2021-01-01,2020-12-18,-0.5231143,-0.9598061,-0.9601403,-0.9429158,-0.9625214,-0.6477992,-1.032407,-0.6141861,-0.9461027,-1.0100347,-1.0634899044004391,-0.6598358177446246
max. PAR (�mol/m�/s),2020-12-19,2020-12-18,-0.3938128,-0.4166626,-0.46194842,-0.46108896,-0.45495784,-0.49117073,-0.45320147,-0.4471869,-0.46109834,-0.43942985,-0.44205587456701817,-0.4341108937080219
max. PAR (�mol/m�/s),2020-12-20,2020-12-18,-0.36656037,-0.42560387,-0.4721449,-0.48403603,-0.47343487,-0.46721095,-0.47692496,-0.4436315,-0.47753397,-0.478261,-0.5421041377110736,-0.43243084036467994
max. PAR (�mol/m�/s),2020-12-21,2020-12-18,-0.37811503,-0.37925088,-0.47823447,-0.482358,-0.57103974,-0.5292615,-0.53646505,-0.4480927,-0.47731808,-0.48662892,-0.4502425884927339,-0.5417331428299665
max. PAR (�mol/m�/s),2020-12-22,2020-12-18,-0.38092545,-0.3867694,-0.49639937,-0.4952392,-0.6075975,-0.51994133,-0.52488863,-0.44661853,-0.48769373,-0.49260104,-0.48321094012112237,-0.5547194748494926
max. PAR (�mol/m�/s),2020-12-23,2020-12-18,-0.38133612,-0.39073566,-0.47294015,-0.49429268,-0.52384984,-0.4946845,-0.5023805,-0.44923753,-0.48264185,-0.4727389,-0.5402708595438573,-0.46850412878534214
max. PAR (�mol/m�/s),2020-12-24,2020-12-18,-0.38139197,-0.41347158,-0.48917264,-0.5071723,-0.5912914,-0.51568604,-0.5157643,-0.44823417,-0.49546924,-0.4866232,-0.46155280514600133,-0.5194239048223062
max. PAR (�mol/m�/s),2020-12-25,2020-12-18,-0.3813996,-0.41091868,-0.5162713,-0.49755502,-0.55607647,-0.4986011,-0.5128154,-0.4513867,-0.49400046,-0.47528479,-0.5384546361311405,-0.5099863649779786
max. PAR (�mol/m�/s),2020-12-26,2020-12-18,-0.38140061,-0.40931192,-0.5010156,-0.4938531,-0.50553626,-0.47470152,-0.4939356,-0.4525901,-0.49274072,-0.45631585,-0.5056787441690348,-0.5507371896738501
max. PAR (�mol/m�/s),2020-12-27,2020-12-18,-0.38140061,-0.3953129,-0.49393117,-0.50059277,-0.53684556,-0.44294414,-0.5066,-0.4493751,-0.49205878,-0.4697043,-0.5525727346122341,-0.5540816486195066
max. PAR (�mol/m�/s),2020-12-28,2020-12-18,-0.38140067,-0.42961222,-0.47939014,-0.5015506,-0.5329399,-0.480072,-0.47314215,-0.44864467,-0.49354297,-0.44514933,-0.5124563899603393,-0.5228977856074877
max. PAR (�mol/m�/s),2020-12-29,2020-12-18,-0.38140061,-0.43036515,-0.50278777,-0.49715087,-0.5449627,-0.47891486,-0.48404196,-0.4468205,-0.4908173,-0.4708092,-0.4678733187518276,-0.405076633269681
max. PAR (�mol/m�/s),2020-12-30,2020-12-18,-0.3814007,-0.4299574,-0.49626592,-0.49798286,-0.6097037,-0.4730346,-0.5066695,-0.45106202,-0.48995382,-0.49101597,-0.4763915209754425,-0.4415623661013732
max. PAR (�mol/m�/s),2020-12-31,2020-12-18,-0.3814007,-0.4290822,-0.48280448,-0.48617336,-0.61114424,-0.5468608,-0.52742153,-0.45334327,-0.48238114,-0.5029111,-0.4987137119612039,-0.4907253944834005
max. PAR (�mol/m�/s),2021-01-01,2020-12-18,-0.3814007,-0.44491696,-0.4628711,-0.49239072,-0.504567,-0.57474273,-0.4804416,-0.45265323,-0.49124688,-0.49124178,-0.5882956449752665,-0.47075222607624034
max. wv (m/s),2020-12-19,2020-12-18,-0.37216234,-0.41414648,-0.28610754,-0.45041728,-1.5825653,-0.3148631,-0.32730243,-0.5225066,-0.37849408,-0.45513585,0.04999066504943064,-0.8876302674583585
max. wv (m/s),2020-12-20,2020-12-18,-0.37039003,-0.42076162,-0.5354829,-0.43491554,-1.4190565,-0.4338322,-0.75849575,-0.5189512,-0.43413725,-0.60613054,0.15838447037291903,-0.6268553522987687
max. wv (m/s),2020-12-21,2020-12-18,-0.38585,-0.3720644,-0.3855904,-0.32387748,-1.2766324,-0.43423185,-0.5216104,-0.5234124,-0.31061697,-0.49079806,-0.039222893873035757,0.9034982545487448
max. wv (m/s),2020-12-22,2020-12-18,-0.389036,-0.3772205,-0.6318526,-0.40270436,-1.9707191,-0.37220383,-0.7896023,-0.5219382,-0.32950544,-0.7048376,0.6267623423889502,0.35997768777612943
max. wv (m/s),2020-12-23,2020-12-18,-0.38945496,-0.37880623,-0.752756,-0.38906336,-1.4629545,-0.27613914,-0.77502954,-0.52455723,-0.44459343,-0.62989545,-0.38350430416753123,-0.3653405840750711
max. wv (m/s),2020-12-24,2020-12-18,-0.38951358,-0.3991435,-0.59736687,-0.30877346,-1.1893315,-0.17459247,-0.44643995,-0.5235539,-0.36166048,-0.52370673,0.30765333357752545,-0.5229289125944862
max. wv (m/s),2020-12-25,2020-12-18,-0.3895224,-0.3941738,-0.7901715,-0.39593655,-1.3329586,-0.07222819,-0.6837599,-0.5267064,-0.3513837,-0.5931978,-0.45952977177102433,-0.5014481066530349
max. wv (m/s),2020-12-26,2020-12-18,-0.38952366,-0.39013213,-0.5169735,-0.3589829,-1.0119637,-0.02610077,-0.5642222,-0.52790976,-0.32638913,-0.49878663,0.2328048964365777,0.01885285917664176
max. wv (m/s),2020-12-27,2020-12-18,-0.38952377,-0.37368,-0.7182541,-0.3908136,-1.4430513,0.040988896,-0.824154,-0.52469486,-0.45121866,-0.6083306,1.9147814274137882,0.1352183708146414
max. wv (m/s),2020-12-28,2020-12-18,-0.38952383,-0.4055081,-0.51388603,-0.44091293,-1.0009362,0.052661862,-0.66199034,-0.5239644,-0.47088227,-0.6238806,-0.05663759458023987,0.6790599458952236
max. wv (m/s),2020-12-29,2020-12-18,-0.38952377,-0.40377164,-0.47478393,-0.33578274,-1.0400069,0.024436396,-0.5168157,-0.5221402,-0.37205067,-0.4923343,0.2269732455085124,-0.1851211698439898
max. wv (m/s),2020-12-30,2020-12-18,-0.38952386,-0.40085644,-0.20553684,-0.30884486,-0.7567296,-0.024200525,-0.53222084,-0.52638173,-0.29962108,-0.511757,-0.11661264678538817,0.4321778063763504
max. wv (m/s),2020-12-31,2020-12-18,-0.3895238,-0.3974556,-0.30514467,-0.4472758,-0.4593169,-0.06599397,-0.45245934,-0.528663,-0.43650666,-0.536505,-0.3794649496256145,0.2844872340192478
max. wv (m/s),2021-01-01,2020-12-18,-0.3895238,-0.41074657,-0.34368354,-0.32848078,-0.22559729,-0.15244344,-0.11445734,-0.52797294,-0.29524815,-0.4553314,-1.0326901056459163,0.9498839550499613
p (mbar),2020-12-19,2020-12-18,0.7315943,0.8896785,0.33025026,0.36300632,0.874473,-0.028256891,0.33444685,-0.011289179,0.41930485,0.14147347,0.40019037976906285,1.8904991200685375
p (mbar),2020-12-20,2020-12-18,0.55172825,0.8181919,-0.310961,-0.16492969,-0.31612408,-0.051763296,-0.107299924,-0.0077337883,-0.09050691,-0.09643865,0.4634737673570278,1.2059854380506063
p (mbar),2020-12-21,2020-12-18,0.5006961,0.8466538,-0.5037662,-0.38544267,-1.065363,-0.07975796,-0.45461923,-0.012194987,-0.37616438,-0.4548537,0.46174383368488364,0.3661871253575255
p (mbar),2020-12-22,2020-12-18,0.48493817,0.8075942,-0.27808458,-0.45633727,-0.6551057,-0.14053473,-0.3041612,-0.010720808,-0.4601243,-0.09819943,-0.45706819370798357,0.8807820462969153
p (mbar),2020-12-23,2020-12-18,0.4817174,0.8448184,-0.5311005,-0.37247318,-0.5704413,-0.25586993,-0.44035417,-0.01333981,-0.4714021,-0.28810972,-0.5928237328540921,1.9074775652065574
p (mbar),2020-12-24,2020-12-18,0.4813326,0.86399704,-0.3260607,-0.4221751,-0.47500014,-0.46528578,-0.38107622,-0.012336466,-0.4031762,-0.5266383,-1.0217346367020346,1.2303815259294002
p (mbar),2020-12-25,2020-12-18,0.48131195,0.8387668,-1.237351,-0.40654892,-0.8371218,-0.72484976,-1.3392428,-0.015488967,-0.42867106,-0.78770703,0.15478923062153035,1.0156927341147675
p (mbar),2020-12-26,2020-12-18,0.48132747,0.84902924,-1.2703186,-0.4492181,-0.9225216,-0.7540874,-1.186274,-0.016692117,-0.5819275,-0.777574,0.4713268616082489,0.9499793931826753
p (mbar),2020-12-27,2020-12-18,0.4813404,0.84649503,-0.63683283,-0.48126847,-0.94960093,-0.7038128,-0.5757133,-0.0134773925,-0.5412825,-0.046386898,-2.092402655696639,0.14897987196437604
p (mbar),2020-12-28,2020-12-18,0.48134896,0.8264241,-0.15209621,-0.5107897,-1.2454073,-0.7933021,-0.25831443,-0.012746964,-0.5974207,0.33800966,-3.928827826216561,0.031167365789808152
p (mbar),2020-12-29,2020-12-18,0.48135424,0.78043646,-0.90453243,-0.72231036,-0.66004217,-0.78017545,-1.0605052,-0.010923021,-0.6704691,0.40621352,-3.2020464826348034,1.5566792013082618
p (mbar),2020-12-30,2020-12-18,0.48135737,0.8506214,-0.89870995,-0.7028839,-1.222788,-0.71204144,-1.2377685,-0.015164316,-0.68359435,-0.32573992,-1.7381041934384238,0.8120513791924785
p (mbar),2020-12-31,2020-12-18,0.48135936,0.8743179,-0.77394474,-0.47282737,-1.8493211,-0.6512812,-1.20716,-0.017445553,-0.62877655,-0.72998554,-1.3518140275502337,0.4350545779151095
p (mbar),2021-01-01,2020-12-18,0.48136073,0.8813102,-0.7024131,-0.49977583,-1.6844821,-0.75454617,-1.0747174,-0.016755518,-0.57059556,-0.28149873,-1.437015272454106,-0.4088392521692351
rain (mm),2020-12-19,2020-12-18,-0.04562047,-0.13895968,-0.08248153,-0.09174572,-0.088694684,-0.17003663,-0.09118993,-0.06895743,-0.089594446,-0.07815814,-0.0935055214483151,-0.0935055214483151
rain (mm),2020-12-20,2020-12-18,-0.057776526,-0.14529565,-0.073535025,-0.09783581,-0.09678741,-0.1420462,-0.08768885,-0.065402046,-0.09035279,-0.09146187,-0.059570671294202536,-0.0935055214483151
rain (mm),2020-12-21,2020-12-18,-0.062688366,-0.096304595,-0.09217436,-0.09681595,-0.06668331,-0.17017022,-0.07094964,-0.069863245,-0.088169776,-0.08296574,-0.07653809637125882,-0.07653809637125882
rain (mm),2020-12-22,2020-12-18,-0.06524191,-0.10115224,-0.0877654,-0.090805,-0.0245732,-0.16412294,-0.0538643,-0.06838906,-0.08280133,-0.078958556,0.002643220655003836,0.1779732797845854
rain (mm),2020-12-23,2020-12-18,-0.06578377,-0.10241484,-0.08257369,-0.09419568,-0.027825065,-0.15191363,-0.081102446,-0.071008064,-0.085611776,-0.07523959,0.33068010547809196,-0.0935055214483151
rain (mm),2020-12-24,2020-12-18,-0.06589478,-0.12241433,-0.07830566,-0.088836096,-0.06425538,-0.13651592,-0.059359297,-0.07000472,-0.077509806,-0.057648115,-0.08219390473027759,-0.0935055214483151
rain (mm),2020-12-25,2020-12-18,-0.065915786,-0.11709219,-0.10610558,-0.09748406,-0.103153616,-0.12888916,-0.09021738,-0.07315722,-0.08139098,-0.06922304,0.030922262450097635,-0.07653809637125882
rain (mm),2020-12-26,2020-12-18,-0.06591958,-0.112683415,-0.11247792,-0.10096049,-0.101553254,-0.11987211,-0.0919011,-0.07436064,-0.08770103,-0.08665655,-0.0935055214483151,0.08748034604028525
rain (mm),2020-12-27,2020-12-18,-0.065920234,-0.09584954,-0.08968301,-0.08291328,-0.10657091,-0.11887278,-0.0848594,-0.07114566,-0.08008305,-0.090123236,-0.0935055214483151,0.20059651322066047
rain (mm),2020-12-28,2020-12-18,-0.06592039,-0.12728122,-0.096604824,-0.09181221,-0.10988422,-0.1431869,-0.09020879,-0.07041521,-0.087187245,-0.09964292,-0.008668396063033691,-0.03694743785812749
rain (mm),2020-12-29,2020-12-18,-0.06592038,-0.12513375,-0.117369086,-0.09747454,-0.07765129,-0.13674426,-0.109838575,-0.06859105,-0.08757985,-0.09047314,-0.0935055214483151,-0.08784971308929634
rain (mm),2020-12-30,2020-12-18,-0.06592037,-0.12179282,-0.11402522,-0.09390312,-0.055878002,-0.14606929,-0.08520126,-0.07283257,-0.0850299,-0.081454806,-0.0935055214483151,-0.0935055214483151
rain (mm),2020-12-31,2020-12-18,-0.06592036,-0.117951654,-0.11389464,-0.09450451,-0.07103052,-0.17551725,-0.07913884,-0.0751138,-0.08519881,-0.11081266,-0.0935055214483151,-0.0935055214483151
rain (mm),2021-01-01,2020-12-18,-0.06592038,-0.13078763,-0.10219159,-0.084984556,-0.05400718,-0.17237812,-0.08645182,-0.07442379,-0.07729769,-0.10760788,-0.0935055214483151,-0.0935055214483151
raining (s),2020-12-19,2020-12-18,-0.19900519,-0.16468431,-0.13359961,-0.16918294,-0.58171344,-0.39405662,-0.102946736,-0.174434,-0.15559748,-0.050264284,-0.2210504187684684,-0.2210504187684684
raining (s),2020-12-20,2020-12-18,-0.1832162,-0.16861075,-0.04542482,-0.17084184,-0.34966508,-0.46107927,-0.17497356,-0.17087862,-0.15995139,-0.18424618,0.2812563713926931,-0.2210504187684684
raining (s),2020-12-21,2020-12-18,-0.18191914,-0.11847938,-0.22063267,-0.14395979,-0.064114556,-0.46160066,0.1393329,-0.17533982,-0.12524836,-0.0065442473,0.06372193470872552,-0.08459699939397963
raining (s),2020-12-22,2020-12-18,-0.18397552,-0.12345591,-0.08242799,-0.037733525,0.28734294,-0.34743476,0.26658612,-0.17386563,-0.028106108,0.041199625,0.09931847889337476,0.17578512936410276
raining (s),2020-12-23,2020-12-18,-0.18393694,-0.1261166,-0.049540207,-0.08063559,0.5551448,-0.24719122,0.0017185989,-0.17648464,-0.09625838,0.1969684,1.8184997239593974,-0.2210504187684684
raining (s),2020-12-24,2020-12-18,-0.18370445,-0.14878337,-0.010895908,0.011167526,0.29459682,-0.19678712,0.20894028,-0.17548129,0.018511832,0.44151416,0.036035733676220566,-0.2210504187684684
raining (s),2020-12-25,2020-12-18,-0.18352987,-0.14739776,-0.3087088,-0.094350085,-0.4633289,-0.110039145,-0.13541716,-0.1786338,-0.021744296,0.33560053,0.6972085821429462,-0.11426078621452068
raining (s),2020-12-26,2020-12-18,-0.18341944,-0.1481947,-0.40454435,-0.14697558,-0.23996103,-0.12395367,-0.12686455,-0.17983717,-0.1137934,0.12219128,-0.18809065563453392,0.8224556820518973
raining (s),2020-12-27,2020-12-18,-0.18335257,-0.13783576,-0.13484094,0.035303205,-0.41597354,-0.117064446,0.036796063,-0.17662221,-0.023189649,0.0014427751,-0.2210504187684684,2.370905354084139
raining (s),2020-12-28,2020-12-18,-0.18331291,-0.17701158,-0.26507267,-0.09200978,-0.47984296,-0.080570854,-0.07842082,-0.17589179,-0.106844544,-0.16506048,0.7736752326136743,0.21599604038750286
raining (s),2020-12-29,2020-12-18,-0.18328948,-0.18387744,-0.41193688,-0.17298162,-0.40044716,-0.0036172457,-0.32456332,-0.17406759,-0.110287,-0.09370366,-0.1953418035239995,-0.19072743668524866
raining (s),2020-12-30,2020-12-18,-0.18327585,-0.19081904,-0.3834728,-0.08400267,0.1030426,0.03857166,-0.12956828,-0.17830914,-0.058223262,-0.10093303,-0.2210504187684684,-0.20127456088810772
raining (s),2020-12-31,2020-12-18,-0.183268,-0.19852965,-0.33230326,-0.12906054,0.24161291,-0.07948135,-0.05716603,-0.18059038,-0.08927755,-0.47079515,-0.2210504187684684,-0.2210504187684684
raining (s),2021-01-01,2020-12-18,-0.18326351,-0.22418658,-0.2996749,-0.012699679,0.46728894,-0.01720754,-0.17897901,-0.17990035,0.006287664,-0.5180291,-0.2210504187684684,-0.2210504187684684
rh (%),2020-12-19,2020-12-18,1.3285146,1.3759878,1.3288735,1.4419514,1.2905245,1.3202124,1.2764149,1.317899,1.4087161,1.3106029,1.226492620065983,1.007685902145274
rh (%),2020-12-20,2020-12-18,1.0504206,1.3430244,1.3935304,1.3781188,1.4801075,1.1130282,1.3472731,1.3214543,1.3807044,1.3263752,1.0142547240121682,0.6758700575351608
rh (%),2020-12-21,2020-12-18,0.849954,1.4119707,1.3493999,1.32564,1.861784,1.0175029,1.3649136,1.3169931,1.301612,1.5608245,1.4854732097657037,0.7701885489199971
rh (%),2020-12-22,2020-12-18,0.82815516,1.5334126,1.4604272,1.267082,1.8897846,0.85937196,1.6447577,1.3184673,1.2494078,1.6391094,1.0272733639724825,0.7128635819502631
rh (%),2020-12-23,2020-12-18,0.74475384,1.3089246,1.2486507,1.2966957,1.2244474,0.72496176,1.2290233,1.3158484,1.2881181,1.2979289,1.6791236278329493,0.47414408379287415
rh (%),2020-12-24,2020-12-18,0.7669996,1.1817561,1.3079065,1.3141898,1.3042064,0.70065117,1.413048,1.3168516,1.3170111,1.2520555,0.9898133012652871,0.831986359198053
rh (%),2020-12-25,2020-12-18,0.6551765,0.88530785,1.2432481,1.3400084,1.3039019,0.75361615,1.1807514,1.3136991,1.3555504,1.3961487,1.2119151497805,0.9459549991236709
rh (%),2020-12-26,2020-12-18,0.71909463,0.93165463,1.1736089,1.2886219,1.3812591,0.7136049,1.0642897,1.3124957,1.2975322,1.3859084,1.0359635653339323,0.9231168389202529
rh (%),2020-12-27,2020-12-18,0.5825993,1.1263291,1.2808721,1.3054396,1.566221,0.8508833,1.1398145,1.3157107,1.2987882,1.4214683,-0.08454662904327341,1.3063002894927784
rh (%),2020-12-28,2020-12-18,0.6926427,1.48381,1.3976164,1.3370779,0.97447693,0.87509924,1.3271638,1.3164412,1.3380482,1.5003247,0.6602151059560345,0.6500364252817159
rh (%),2020-12-29,2020-12-18,0.56619513,1.1389761,1.3622258,1.3053435,1.1394829,0.71131706,1.307339,1.3182653,1.2975112,1.5785093,1.3305158484633288,0.37885548897527266
rh (%),2020-12-30,2020-12-18,0.6911837,1.0849584,1.3078316,1.2782803,1.5317214,0.49836364,1.47867,1.3140237,1.2702454,1.4590328,1.098712965620464,0.544121124921992
rh (%),2020-12-31,2020-12-18,0.5648445,0.95500255,1.28756,1.3439212,2.2666714,0.33760452,1.54884,1.3117425,1.2862633,1.5567002,0.8539358750355794,0.8972276663939396
rh (%),2021-01-01,2020-12-18,0.690797,1.2521147,1.2246535,1.3032789,1.5820553,0.33525765,1.4367136,1.3124326,1.3160282,1.5241135,0.7928489802502373,-0.03451965392842537
rho (g/m**3),2020-12-19,2020-12-18,0.97785985,1.1892618,1.0047141,1.100626,1.0605916,1.093753,1.0665047,1.1448588,1.0998491,0.82481223,1.059819527228699,2.035556979042206
rho (g/m**3),2020-12-20,2020-12-18,0.73513913,1.1591554,0.9321199,0.91557145,0.7580931,0.910808,0.91754603,1.1484141,0.92450714,0.5893919,1.136790383956778,1.915846220277586
rho (g/m**3),2020-12-21,2020-12-18,0.54383886,1.2016023,0.8368554,0.8311645,0.80274355,1.0119028,0.92272735,1.143953,0.8317458,0.6233069,1.0292603057301741,0.9281605794485501
rho (g/m**3),2020-12-22,2020-12-18,0.5148841,1.2847049,0.96115875,0.772228,0.9613103,1.027828,1.0403403,1.1454271,0.7921832,0.9101616,-0.08755774743396262,1.2046492951628212
rho (g/m**3),2020-12-23,2020-12-18,0.5084608,1.1295373,0.8282441,0.7843031,0.8926804,0.974573,0.79897624,1.1428082,0.7450742,0.7020953,-0.001847084700664725,1.6331971361893585
rho (g/m**3),2020-12-24,2020-12-18,0.506621,1.0381958,0.90871394,0.8097688,0.86158574,0.9229287,0.913398,1.1438115,0.80896956,0.5521649,0.3242328700559542,1.4451681726781962
rho (g/m**3),2020-12-25,2020-12-18,0.50597686,0.82469,0.72703254,0.8139421,0.86513484,0.8500771,0.72120726,1.140659,0.8303727,0.66188926,1.2701914554553546,1.4070785986041026
rho (g/m**3),2020-12-26,2020-12-18,0.50571024,0.8642426,0.7115738,0.79975986,0.701805,0.70556265,0.6917594,1.1394556,0.78033656,0.6741353,1.5674871482715944,1.0894246851620544
rho (g/m**3),2020-12-27,2020-12-18,0.50559366,1.0002618,0.8214112,0.8219486,0.83402544,0.8678538,0.7911952,1.1426705,0.7985114,0.7732357,0.7195198296604154,0.5187633298314877
rho (g/m**3),2020-12-28,2020-12-18,0.50554216,1.2686644,0.9507054,0.81550515,1.0066228,0.8897286,0.9213197,1.143401,0.7816963,1.019781,0.08630437545174902,0.4078730506736348
rho (g/m**3),2020-12-29,2020-12-18,0.5055194,1.0086489,0.8351352,0.7463269,0.78365695,0.6118932,0.7592237,1.1452252,0.7619533,0.90327245,0.28665407571082424,1.4534336832208068
rho (g/m**3),2020-12-30,2020-12-18,0.5055096,0.97120756,0.89295125,0.7524525,0.643721,0.3448362,0.7267237,1.1409836,0.7560646,0.8131348,0.5941398241198749,1.3811966600522239
rho (g/m**3),2020-12-31,2020-12-18,0.50550544,0.87981486,0.8586915,0.7921387,0.7009481,0.2524506,0.7330603,1.1387024,0.7762528,0.8443457,0.8019250178619963,1.0426044261493308
rho (g/m**3),2021-01-01,2020-12-18,0.5055037,1.09304,0.7822534,0.79538083,0.7653192,0.31188354,0.7814208,1.1393925,0.7755233,1.0150487,0.7606795547482403,0.4281364122069212
sh (g/kg),2020-12-19,2020-12-18,-0.44828135,-0.54806346,-0.5695197,-0.5700683,-0.5532681,-0.8331108,-0.6042252,-0.6992585,-0.5744658,-0.6036273,-0.6011005508437207,-1.0998911495543298
sh (g/kg),2020-12-20,2020-12-18,-0.4923053,-0.55700475,-0.60182714,-0.55880463,-0.391241,-0.82730615,-0.54614484,-0.6957031,-0.5449996,-0.56016403,-0.7152174903532649,-1.21640440551722
sh (g/kg),2020-12-21,2020-12-18,-0.49903718,-0.51065177,-0.63028955,-0.5554624,-0.53591937,-0.83571476,-0.6525364,-0.7001643,-0.57122076,-0.59932166,-0.4628258414836449,-0.6250350969482001
sh (g/kg),2020-12-22,2020-12-18,-0.5010154,-0.51817024,-0.63447964,-0.53651905,-0.41465324,-0.7815413,-0.6246142,-0.6986901,-0.5724932,-0.5236206,0.401818937530095,-0.7732556643268214
sh (g/kg),2020-12-23,2020-12-18,-0.50111413,-0.5221365,-0.59569484,-0.5185219,-0.6577992,-0.70566183,-0.55520946,-0.70130914,-0.51563245,-0.49322218,0.5450541745802183,-0.9641119672014011
sh (g/kg),2020-12-24,2020-12-18,-0.5011356,-0.5448724,-0.61630094,-0.5557052,-0.6120847,-0.78230923,-0.6071215,-0.7003058,-0.5514438,-0.58572876,-0.3070156667392511,-0.8530457522212364
sh (g/kg),2020-12-25,2020-12-18,-0.5011257,-0.5423196,-0.66072065,-0.54173505,-0.38763177,-0.690601,-0.7435639,-0.7034583,-0.56516874,-0.6626761,-0.8305001538699702,-0.8281191005787474
sh (g/kg),2020-12-26,2020-12-18,-0.5011146,-0.5407128,-0.68971074,-0.55787003,-0.5020511,-0.6560623,-0.7144225,-0.70466167,-0.5765817,-0.7321442,-1.0406033041819347,-0.5833666643518006
sh (g/kg),2020-12-27,2020-12-18,-0.50110316,-0.5267137,-0.62065226,-0.57870734,-0.47085458,-0.5729902,-0.62266046,-0.7014467,-0.5788274,-0.6186511,-1.2381315167996285,-0.057649939760560244
sh (g/kg),2020-12-28,2020-12-18,-0.50109184,-0.56101304,-0.59922713,-0.5616472,-0.52814686,-0.51524764,-0.5955079,-0.7007163,-0.5583928,-0.6505236,-0.9378955783594998,-0.24287604370693616
sh (g/kg),2020-12-29,2020-12-18,-0.50108075,-0.56176597,-0.6446849,-0.56001616,-0.38388473,-0.48891127,-0.6618446,-0.6988921,-0.5700032,-0.64399976,-0.7478329599153276,-0.9331582744155045
sh (g/kg),2020-12-30,2020-12-18,-0.50106966,-0.5613583,-0.70258313,-0.5777573,-0.48142987,-0.41139543,-0.61210805,-0.70313364,-0.56682044,-0.6319617,-0.7369942069125737,-0.9753227597809087
sh (g/kg),2020-12-31,2020-12-18,-0.5010587,-0.56048304,-0.6605514,-0.5323482,-0.43074518,-0.4375031,-0.5762017,-0.7054149,-0.56963515,-0.5751492,-0.8955574745249439,-0.6784351775315622
sh (g/kg),2021-01-01,2020-12-18,-0.50104785,-0.5763178,-0.6110537,-0.56056505,-0.42812175,-0.42381564,-0.6428052,-0.7047249,-0.55629146,-0.5793949,-0.894937408563688,-0.6949041294625201
wd (deg),2020-12-19,2020-12-18,0.08331461,0.0683597,0.19332132,0.042464532,0.050357103,-0.08602519,0.051672306,-0.040533066,0.05428174,0.04512648,-0.012679323360701508,-0.03255872279729448
wd (deg),2020-12-20,2020-12-18,0.081012964,0.066809714,0.022362236,0.006530717,0.07269409,-0.122382745,-0.069150604,-0.036977675,0.03675733,-0.030529432,-0.02821895339953996,-0.12343871522334128
wd (deg),2020-12-21,2020-12-18,0.05988526,0.050497103,-0.059086885,0.00026020408,0.015577791,-0.12696245,-0.08965106,-0.041438874,0.021833744,-0.077010944,0.08953806323341539,0.19182652007796686
wd (deg),2020-12-22,2020-12-18,0.053770855,0.033011317,-0.08381164,-0.0067688003,-0.043490354,-0.12094773,-0.08623783,-0.039964695,0.012759833,-0.06943798,0.3171026094984712,0.8337513884721652
wd (deg),2020-12-23,2020-12-18,0.052676324,0.031191386,-0.2708661,-0.019159943,-0.024773795,-0.11423251,-0.17862596,-0.042583697,0.013782609,-0.24087629,0.1806605053383431,0.5096391048049633
wd (deg),2020-12-24,2020-12-18,0.05251155,0.058968086,-0.17220986,-0.037695937,-0.034483682,-0.10997688,-0.1405264,-0.041580353,-0.008139458,-0.14880309,0.6195903720222122,0.08649162497040569
wd (deg),2020-12-25,2020-12-18,0.052488856,0.05975011,-0.18260702,-0.015629284,0.044185624,-0.08109206,-0.25689757,-0.044732854,0.016602034,-0.24117947,0.8144354526546183,0.23026754014166903
wd (deg),2020-12-26,2020-12-18,0.052486073,0.069794625,-0.1715458,-0.030891046,0.0040819123,-0.09388618,-0.30999357,-0.04593624,0.016831586,-0.2577784,0.21243210145115224,-0.025822528438257625
wd (deg),2020-12-27,2020-12-18,0.052485794,0.05675009,-0.13387418,0.013532534,0.04938529,-0.08565326,-0.33160084,-0.04272128,0.02082837,-0.29428226,0.10560073837376663,0.18147821248941046
wd (deg),2020-12-28,2020-12-18,0.05248576,0.07913648,-0.01806765,0.006395772,0.0752824,-0.0918931,-0.13591245,-0.04199085,-0.0011925101,-0.2617519,0.03180745924277689,0.5058699859055122
wd (deg),2020-12-29,2020-12-18,0.05248589,0.0740165,-0.13203038,0.017270993,0.052254666,-0.08979748,-0.17468098,-0.04016664,0.032216936,-0.3481026,0.20687504670088105,0.666616518629982
wd (deg),2020-12-30,2020-12-18,0.05248591,0.07560879,-0.05699427,-0.011887655,0.11398123,-0.1165556,0.066704765,-0.044408202,0.0015920624,-0.12995909,0.2245316119521019,0.18349852410288742
wd (deg),2020-12-31,2020-12-18,0.05248594,0.08118786,0.032678936,-0.060027733,0.10408044,-0.13663849,0.36725602,-0.04668944,-0.03330132,-0.009390101,0.10351973755767142,0.14346121830189656
wd (deg),2021-01-01,2020-12-18,0.05248596,0.0813435,-0.09949987,-0.05866666,0.1128287,-0.14715838,0.101395264,-0.045999404,-0.03331228,-0.064727336,0.5210742282456711,0.13917943534874896
wv (m/s),2020-12-19,2020-12-18,0.0052985214,-0.00023943558,-0.0011891904,-0.0074581634,-0.041644853,0.005441023,-0.0024645347,-0.0052176714,-0.004627606,-0.0074650333,0.0095053260833057,-0.0223444025152541
wv (m/s),2020-12-20,2020-12-18,0.012916941,-0.009115376,-0.009719219,-0.013284651,-0.035234973,-0.008065451,-0.017720854,-0.0016622804,-0.006171137,-0.012777863,0.015484813330811765,-0.014856485870031019
wv (m/s),2020-12-21,2020-12-18,0.010821613,-0.004417972,-0.003844829,-0.010449683,-0.023839308,-0.0052566184,-0.009935562,-0.0061234795,-0.0015861308,-0.008541019,0.009412021556483274,0.03799919565306442
wv (m/s),2020-12-22,2020-12-18,0.009961177,-0.009261355,-0.01215682,-0.014588677,-0.047000844,-0.0016085617,-0.018086594,-0.0046493,-0.0022763002,-0.014803806,0.030853401820277945,0.006031731841887773
wv (m/s),2020-12-23,2020-12-18,0.010664571,-0.02336176,-0.016221102,-0.016801577,-0.035033576,-0.0013167039,-0.017698409,-0.007268302,-0.0059143095,-0.010757886,-0.0034733335976944394,-0.002992148823653047
wv (m/s),2020-12-24,2020-12-18,0.0110455565,-0.021663297,-0.0108620785,-0.013623054,-0.024052206,-0.004504677,-0.0063614617,-0.0062649585,-0.0033146115,-0.007930128,0.01483834625211352,-0.007397455411483545
wv (m/s),2020-12-25,2020-12-18,0.011176897,-0.014210389,-0.016925182,-0.015591681,-0.030232621,0.0086824745,-0.014107604,-0.009417459,-0.0028010295,-0.009889376,-0.010155270639992237,-0.008534437716905447
wv (m/s),2020-12-26,2020-12-18,0.011216022,-0.014142122,-0.007574237,-0.016128419,-0.018029662,-0.0012759268,-0.009753924,-0.010620862,-0.0019425638,-0.007486112,0.016912372591194994,0.00740064254255401
wv (m/s),2020-12-27,2020-12-18,0.011226501,-0.028025452,-0.014443722,-0.013643334,-0.034019396,0.0129226595,-0.018612321,-0.0074058846,-0.006618987,-0.010403093,0.07144486975347072,0.01638453555374238
wv (m/s),2020-12-28,2020-12-18,0.011228854,-0.008400291,-0.008516248,-0.010548031,-0.021187454,0.017611671,-0.013340316,-0.0066754557,-0.007127365,-0.011058737,0.006860809208795672,0.02851678988428192
wv (m/s),2020-12-29,2020-12-18,0.011228956,-0.0072085187,-0.0067015826,-0.007851415,-0.019591011,0.03017084,-0.0077504655,-0.004851289,-0.0036846718,-0.0057612117,0.020621893993292503,-0.00017301919180387224
wv (m/s),2020-12-30,2020-12-18,0.011228442,-0.0032073483,0.0018246169,-0.009573316,-0.011585642,0.0126385465,-0.0089995405,-0.009092808,-0.0010016044,-0.0076349406,0.007203370114415168,0.019149015391309837
wv (m/s),2020-12-31,2020-12-18,0.011227686,-0.0037474409,-0.0015090024,-0.0140640065,-0.0074231373,-0.007254977,-0.007585546,-0.011374045,-0.005667797,-0.008019464,-0.002632259934480813,0.018793125267572843
wv (m/s),2021-01-01,2020-12-18,0.011226967,-0.008544296,-0.0023138796,-0.009956567,0.001501652,-0.003775403,0.005444236,-0.01068401,-0.000694118,-0.0050042714,-0.0264382434923182,0.042129920347674606
