unique_id,ds,cutoff,AutoTFT,AutoNBEATS,AutoTiDE,AutoNLinear,AutoKAN,AutoMLP,AutoDLinear,AutoNHITS,AutoDeepNPTS,AutoPatchTST,y,SeasonalNaive,fold
SWDR (W/m�)_fold0_x0,2020-12-05,2020-12-04,-0.53052956,-0.6500133,-0.5434786,-0.55527514,-0.5271003,-0.5297525,-0.55627155,-0.56873745,-0.5548032,-0.52295613,-0.5991400597162324,-0.4311250435777492,0
SWDR (W/m�)_fold0_x0,2020-12-06,2020-12-04,-0.5580553,-0.67869294,-0.52850324,-0.54636055,-0.43235275,-0.59299725,-0.53329575,-0.5949309,-0.52200204,-0.52271223,-0.6038876164265815,-0.39442683363066283,0
SWDR (W/m�)_fold0_x0,2020-12-07,2020-12-04,-0.530584,-0.6327988,-0.5250249,-0.5350166,-0.44930398,-0.5553851,-0.5994228,-0.6167439,-0.52376515,-0.5227457,-0.5653781376484607,-0.6243142670974572,0
SWDR (W/m�)_fold0_x0,2020-12-08,2020-12-04,-0.549672,-0.5649888,-0.5284793,-0.54921556,-0.4387167,-0.55673426,-0.5551481,-0.5990219,-0.5353024,-0.51367754,-0.4808428939109974,-0.6390943964787329,0
SWDR (W/m�)_fold0_x0,2020-12-09,2020-12-04,-0.53536546,-0.54201615,-0.5057641,-0.5324013,-0.3496179,-0.57377124,-0.51368874,-0.5828751,-0.5296473,-0.47639355,-0.6157504007109745,-0.5397970550015058,0
SWDR (W/m�)_fold0_x0,2020-12-10,2020-12-04,-0.56147027,-0.46433556,-0.5657627,-0.5352427,-0.3354766,-0.5035331,-0.5847707,-0.6037489,-0.54375744,-0.51556355,-0.6455049358691712,-0.5927266119965178,0
SWDR (W/m�)_fold0_x0,2020-12-11,2020-12-04,-0.53495157,-0.4761008,-0.5831031,-0.55047566,-0.32219478,-0.5496243,-0.5443661,-0.5887933,-0.56614816,-0.53793603,-0.6351317978400103,-0.5879403745067961,0
SWDR (W/m�)_fold0_x0,2020-12-12,2020-12-04,-0.4749559,-0.47385404,-0.5632548,-0.5393363,-0.35869783,-0.5236314,-0.5577415,-0.59987617,-0.56234705,-0.5874976,-0.5841234831648074,-0.6317814025139123,0
SWDR (W/m�)_fold0_x0,2020-12-13,2020-12-04,-0.5383936,-0.46040696,-0.58827096,-0.5309279,-0.3997026,-0.54182047,-0.6188319,-0.5982497,-0.5620295,-0.5171301,-0.6076224928829833,-0.6354909765056119,0
SWDR (W/m�)_fold0_x0,2020-12-14,2020-12-04,-0.51644,-0.6124667,-0.5826567,-0.548684,-0.39603776,-0.57987344,-0.580082,-0.612998,-0.56043285,-0.4939581,-0.4935173928963574,-0.608186708762552,0
SWDR (W/m�)_fold0_x0,2020-12-15,2020-12-04,-0.53262097,-0.6511376,-0.5848371,-0.5338938,-0.36263728,-0.49954116,-0.5916438,-0.59567755,-0.54828465,-0.4748423,-0.6030427467718666,-0.4876873560294338,0
SWDR (W/m�)_fold0_x0,2020-12-16,2020-12-04,-0.44271126,-0.59870803,-0.5263159,-0.5285079,-0.28591916,-0.42539823,-0.56087554,-0.57086504,-0.5392909,-0.4548342,-0.49926105238377994,-0.5047452888997719,0
SWDR (W/m�)_fold0_x0,2020-12-17,2020-12-04,-0.5172354,-0.4946316,-0.5436093,-0.5367507,-0.2913224,-0.54410076,-0.55856067,-0.5657312,-0.5385001,-0.48431355,-0.5461616427893814,-0.5656096406588405,0
SWDR (W/m�)_fold0_x0,2020-12-18,2020-12-04,-0.6862314,-0.574268,-0.48884737,-0.54266334,-0.3388753,-0.44858646,-0.52739644,-0.5683331,-0.53179044,-0.50015193,-0.48083794975122796,-0.5377309778837454,0
Tdew (degC)_fold0_x1,2020-12-05,2020-12-04,-1.4893013,-0.7770628,-1.1082002,-1.0979474,-1.1539017,-1.0479121,-1.1116934,-0.9666375,-1.148984,-0.56952626,-0.8683070567564664,-1.24429679148814,0
Tdew (degC)_fold0_x1,2020-12-06,2020-12-04,-1.4690807,-0.26605666,-1.0926286,-1.0486219,-1.0740765,-0.9421248,-1.0862818,-0.75356543,-1.028147,-0.77841383,-0.6632740325033286,-1.4988969406325632,0
Tdew (degC)_fold0_x1,2020-12-07,2020-12-04,-1.4207137,-0.69802874,-0.7638686,-0.9800384,-0.84731066,-1.099342,-0.9651815,-0.71302897,-0.96336436,-0.8442564,-0.5790414042329286,-0.5364148171933996,0
Tdew (degC)_fold0_x1,2020-12-08,2020-12-04,-1.4755621,-0.7417078,-0.9604092,-0.95934516,-0.6521721,-1.1369869,-0.90881,-0.7480876,-0.9288771,-0.9020624,-0.7074368095495744,-0.7253017324948207,0
Tdew (degC)_fold0_x1,2020-12-09,2020-12-04,-1.506259,-0.8197024,-0.9879993,-1.0135128,-0.5419017,-0.94484776,-1.0716327,-0.84482753,-0.96562105,-0.83007485,-0.5365437282429144,-1.004426382456535,0
Tdew (degC)_fold0_x1,2020-12-10,2020-12-04,-1.2581387,-0.792745,-1.0545057,-0.9491221,-0.5291926,-0.9963269,-1.1865728,-0.7545926,-0.981536,-0.9950098,-0.5359421433451791,-0.8405696959358857,0
Tdew (degC)_fold0_x1,2020-12-11,2020-12-04,-1.1351857,-0.266281,-1.0062112,-0.9559118,-0.5736035,-1.0912569,-1.1102198,-0.74686986,-0.9724563,-1.0040901,-0.6824495511186409,-0.813272781201147,0
Tdew (degC)_fold0_x1,2020-12-12,2020-12-04,-1.3296238,-0.6986554,-0.9275277,-1.0576338,-0.65099275,-1.0131317,-1.0298972,-0.4154275,-0.9765406,-1.0249375,-0.5591998451951237,-0.46552448254777157,0
Tdew (degC)_fold0_x1,2020-12-13,2020-12-04,-1.4036101,-0.83186513,-1.2307686,-0.9896924,-0.7750608,-1.0187225,-1.2930927,-0.35864866,-0.9766404,-0.855271,-0.21579155187541,0.13278392601235142,0
Tdew (degC)_fold0_x1,2020-12-14,2020-12-04,-1.4195557,-0.9124635,-1.0044343,-1.0413761,-0.72781825,-0.8245616,-0.9709455,-0.40774396,-0.9867532,-0.7902884,-0.36614480595939386,-0.07057325459709521,0
Tdew (degC)_fold0_x1,2020-12-15,2020-12-04,-1.7344277,-0.49817377,-1.0209955,-1.0370731,-0.6699221,-1.0506078,-0.947847,-0.66038406,-0.98290145,-0.60907865,-0.3804109621056878,-0.9604032590472633,0
Tdew (degC)_fold0_x1,2020-12-16,2020-12-04,-1.7713592,-0.31215835,-0.86974835,-1.0119511,-0.63725716,-1.0874491,-1.0671993,-0.5831135,-0.9617938,-0.95634514,0.08776174196934076,-1.0432930638852183,0
Tdew (degC)_fold0_x1,2020-12-17,2020-12-04,-1.6603931,-0.382724,-0.6783997,-0.96617746,-0.60346335,-1.1201761,-0.87042385,-0.6080985,-0.98714995,-0.862451,-0.24130519709186193,-0.593275332616844,0
Tdew (degC)_fold0_x1,2020-12-18,2020-12-04,-1.6138979,-0.6232801,-0.8367768,-0.9516478,-0.72452444,-1.0950751,-0.84836584,-0.8180871,-0.9527552,-0.9852519,-0.4584236322370033,-0.6326254304812076,0
max. wv (m/s)_fold0_x2,2020-12-05,2020-12-04,0.18989146,0.0862516,0.02950278,-0.09791227,-0.20939894,0.101738185,-0.08164787,-0.060113348,-0.04528445,5.5134296e-05,-0.5057817188105879,-0.8876302674583585,0
max. wv (m/s)_fold0_x2,2020-12-06,2020-12-04,0.07829386,0.16423222,-0.010192066,-0.2203812,-0.136576,0.101632535,-0.09203303,0.033942237,-0.08590242,0.053511724,-0.8528184504151325,-0.6268553522987687,0
max. wv (m/s)_fold0_x2,2020-12-07,2020-12-04,-0.09798129,0.12752998,-0.037580907,-0.24251081,-0.046029024,0.4629139,0.4055607,0.16067745,-0.089142695,-0.029686406,0.05159570658926511,0.9034982545487448,0
max. wv (m/s)_fold0_x2,2020-12-08,2020-12-04,0.10454419,0.062909134,-0.12704794,-0.25813848,-0.28207633,0.33976302,-0.20000587,0.1431352,-0.17934568,0.06609057,-0.7283207283086383,0.35997768777612943,0
max. wv (m/s)_fold0_x2,2020-12-09,2020-12-04,0.43120173,0.11435179,0.04372388,-0.25054654,-0.24624944,0.048826188,0.094612,0.045056075,-0.2570646,-0.00037142634,-0.9048485469981001,-0.3653405840750711,0
max. wv (m/s)_fold0_x2,2020-12-10,2020-12-04,0.17044887,-0.012753911,0.2309334,-0.168026,-0.2348461,0.21185005,0.27621666,0.047698095,-0.1809783,-0.096954815,-0.8173202816924601,-0.5229289125944862,0
max. wv (m/s)_fold0_x2,2020-12-11,2020-12-04,0.12935802,-0.024704888,-0.11933352,-0.28599733,-0.15823698,0.22623333,0.009534746,0.31372607,-0.20036271,-0.049314275,-0.10120424800297718,-0.5014481066530349,0
max. wv (m/s)_fold0_x2,2020-12-12,2020-12-04,-0.10811065,0.14171576,-0.10430269,-0.20464236,0.20276885,-0.2767687,-0.11464502,0.46620053,-0.28926325,0.13318984,-0.24228739935442778,0.01885285917664176,0
max. wv (m/s)_fold0_x2,2020-12-13,2020-12-04,-0.4750629,-0.01559991,0.18063807,-0.1330937,0.26673663,0.054878682,0.17786434,0.35385567,-0.13733985,0.042974427,-0.8073957748378169,0.1352183708146414,0
max. wv (m/s)_fold0_x2,2020-12-14,2020-12-04,0.25826642,-0.10216699,0.020274967,-0.1478642,0.1699272,-0.18323901,-0.08059482,0.3022753,-0.11728339,0.14977176,0.245671979447584,0.6790599458952236,0
max. wv (m/s)_fold0_x2,2020-12-15,2020-12-04,0.43710765,-0.17103815,-0.08401391,-0.17072466,0.21495354,-0.27409336,-0.1276002,0.2034431,-0.19790664,-0.113070354,-0.09788716215398592,-0.1851211698439898,0
max. wv (m/s)_fold0_x2,2020-12-16,2020-12-04,0.31675234,-0.033388194,-0.19823807,-0.13976394,0.2894893,0.030680299,-0.10823263,0.14374222,-0.22767606,-0.16852894,-0.47247710685902244,0.4321778063763504,0
max. wv (m/s)_fold0_x2,2020-12-17,2020-12-04,0.0736655,0.05554606,-0.21582846,-0.22008495,0.27392235,0.106992245,-0.24002956,0.26453984,-0.24726637,-0.07887392,0.3206809207425153,0.2844872340192478,0
max. wv (m/s)_fold0_x2,2020-12-18,2020-12-04,0.31247488,0.033429362,-0.26784664,-0.20730926,0.20646125,0.1316723,-0.18515089,0.029721722,-0.171572,-0.59768,-0.3677748970771534,0.9498839550499613,0
rho (g/m**3)_fold0_x3,2020-12-05,2020-12-04,0.49371028,0.5867583,0.797897,0.61804533,0.54415965,0.74121964,0.60124105,0.80976343,0.59091586,0.53828216,0.5532464341764388,2.035556979042206,0
rho (g/m**3)_fold0_x3,2020-12-06,2020-12-04,0.4262643,0.78157175,0.86693347,0.87538147,0.8959856,0.7602889,0.97991216,0.8859869,0.7191447,0.7387573,0.6273879360487267,1.915846220277586,0
rho (g/m**3)_fold0_x3,2020-12-07,2020-12-04,0.47721273,0.6251062,0.89699113,1.0327295,0.8401104,0.9394574,0.83468586,0.7369381,0.8279847,0.38528347,0.4593833621262287,0.9281605794485501,0
rho (g/m**3)_fold0_x3,2020-12-08,2020-12-04,0.48294115,0.7202091,1.0913515,1.0570068,0.93386376,0.75383294,0.87220967,0.7244302,0.8663274,0.5846601,0.6397086727966393,1.2046492951628212,0
rho (g/m**3)_fold0_x3,2020-12-09,2020-12-04,0.23460269,1.6576781,1.3100644,1.23105,0.87206024,0.7149834,1.3692901,0.6802786,0.9223823,-0.08476913,0.859613939821724,1.6331971361893585,0
rho (g/m**3)_fold0_x3,2020-12-10,2020-12-04,0.37408072,0.24493554,1.1217055,1.1055672,0.706751,0.8697753,0.94160783,0.38973594,0.87454104,0.04310304,0.8306618502561142,1.4451681726781962,0
rho (g/m**3)_fold0_x3,2020-12-11,2020-12-04,0.16342247,-0.13711849,1.1582419,0.9976646,0.6498577,0.9001478,0.9926252,0.50581104,0.8585869,0.08192885,0.6285919168384245,1.4070785986041026,0
rho (g/m**3)_fold0_x3,2020-12-12,2020-12-04,-0.4310341,0.3653309,1.206166,1.1016432,0.2725913,1.1928807,1.0316758,0.42470205,0.96537006,0.39200366,0.47905020590461944,1.0894246851620544,0
rho (g/m**3)_fold0_x3,2020-12-13,2020-12-04,0.43692422,0.9315396,1.312832,1.26984,0.19080764,0.99380696,1.2512486,0.5418687,0.9681425,0.43826896,0.6114041789588218,0.5187633298314877,0
rho (g/m**3)_fold0_x3,2020-12-14,2020-12-04,0.2574396,1.1357478,0.9199058,1.044706,0.07167578,0.62940294,0.8940298,0.6985898,1.1171601,0.8906468,0.695788638610134,0.4078730506736348,0
rho (g/m**3)_fold0_x3,2020-12-15,2020-12-04,-0.2958337,0.6190609,1.0823625,1.0449344,0.5270705,0.8925621,1.0071383,1.0056955,1.0974078,0.8701085,0.5694892295574602,1.4534336832208068,0
rho (g/m**3)_fold0_x3,2020-12-16,2020-12-04,0.19400561,0.62024486,0.9644696,0.9907423,0.59271914,0.99347097,1.1605138,1.0776206,1.0994704,0.90821093,0.5600416287849634,1.3811966600522239,0
rho (g/m**3)_fold0_x3,2020-12-17,2020-12-04,-0.39806998,0.9593875,0.88917375,0.95001525,0.27065855,0.9330625,0.9720906,1.2567726,1.2202991,1.3774388,0.9151995438261155,1.0426044261493308,0
rho (g/m**3)_fold0_x3,2020-12-18,2020-12-04,-0.55146945,1.2046714,1.0204501,1.0930232,0.27835962,0.9013219,0.94011915,1.1166402,1.0995226,1.1512024,1.2449297494315017,0.4281364122069212,0
T (degC)_fold1_x4,2020-12-05,2020-12-04,-1.0876036,-0.93318135,-1.4621649,-1.0732478,-1.0010695,-1.5404072,-1.3377023,-1.0912317,-1.3099984,-1.3302413,-1.2686269949042028,-1.6185871529877782,1
T (degC)_fold1_x4,2020-12-06,2020-12-04,-0.75056785,-1.0659826,-1.3159539,-1.331453,-0.9690125,-1.5112116,-1.2631292,-1.08993,-1.0915496,-1.185267,-1.342548262975418,-1.6888247776123284,1
T (degC)_fold1_x4,2020-12-07,2020-12-04,-0.97476614,-1.253951,-1.0876381,-0.8432492,-0.88633573,-1.6126734,-1.1901176,-1.092577,-1.1440245,-1.0538051,-1.1254450255656783,-0.9255085091247651,1
T (degC)_fold1_x4,2020-12-08,2020-12-04,-0.9050603,-1.3732557,-1.3107452,-0.90903676,-0.6659491,-1.4963992,-1.1904026,-1.094648,-1.2370563,-1.2108071,-1.164798923635724,-1.061591661458885,1
T (degC)_fold1_x4,2020-12-09,2020-12-04,-1.1205131,-1.6307511,-1.3539083,-0.8876971,-0.83645904,-1.6526585,-1.6016273,-1.0948204,-1.188459,-1.2920582,-1.2858566965055145,-1.197620830393732,1
T (degC)_fold1_x4,2020-12-10,2020-12-04,-1.3732619,-1.1513553,-1.2990363,-1.0269378,-1.0238533,-1.7594898,-1.3455646,-1.0951979,-1.120801,-1.3312865,-1.2915609423620322,-1.2093982086684667,1
T (degC)_fold1_x4,2020-12-11,2020-12-04,-1.2853082,-0.5876184,-1.3941604,-1.015131,-0.8097713,-1.8534095,-1.4556886,-1.0964803,-1.1132133,-1.3092841,-1.2822218142877966,-1.2357780964465583,1
T (degC)_fold1_x4,2020-12-12,2020-12-04,-1.2983396,-0.6004701,-1.3246841,-1.0756838,-0.9860217,-1.9544151,-1.4192213,-1.095192,-1.2307909,-1.3448411,-1.1699453410330871,-0.9256704593225843,1
T (degC)_fold1_x4,2020-12-13,2020-12-04,-1.3633895,-0.9911615,-1.6427696,-1.3929299,-1.032521,-1.8607614,-1.6508319,-1.0893255,-1.2918391,-1.4456586,-0.945446377922941,-0.5716473268899928,1
T (degC)_fold1_x4,2020-12-14,2020-12-04,-1.5649266,-1.2580614,-1.3993655,-1.2173918,-1.0937254,-1.889056,-1.2321664,-1.0890778,-1.2871354,-1.2097487,-0.9216307016103185,-0.472965673018877,1
T (degC)_fold1_x4,2020-12-15,2020-12-04,-1.7591317,-1.5674489,-1.2117382,-1.3327731,-1.1153067,-1.8656213,-1.1870741,-1.0853193,-1.2804971,-1.1369463,-0.7860244026364439,-1.112965863100394,1
T (degC)_fold1_x4,2020-12-16,2020-12-04,-1.5727592,-1.7132522,-1.141962,-1.381171,-1.3387625,-1.9413085,-1.1707408,-1.0915167,-1.2918711,-1.1855814,-0.587239532046689,-1.2612312692037966,1
T (degC)_fold1_x4,2020-12-17,2020-12-04,-1.2576442,-1.6599021,-0.90465415,-0.89706844,-0.9018371,-1.8179811,-0.8830639,-1.091949,-1.3024955,-1.117084,-0.8813051023533582,-1.0292376108279102,1
T (degC)_fold1_x4,2020-12-18,2020-12-04,-1.2740213,-1.7579758,-1.0874333,-1.1909266,-1.1375453,-1.6567246,-1.1320013,-1.0918784,-1.315481,-1.2640357,-1.1199387188398284,-0.6075282929401395,1
max. wv (m/s)_fold1_x5,2020-12-05,2020-12-04,-0.29205218,-0.15776837,0.05712828,-0.062251292,-0.33147472,-0.32788336,-0.20658645,0.04576794,-0.16576052,-0.39202994,-0.5057817188105879,-0.8876302674583585,1
max. wv (m/s)_fold1_x5,2020-12-06,2020-12-04,-0.28758988,-0.027507551,-0.06513482,0.21184632,0.24645698,-0.3073976,-0.16477004,0.047069576,-0.16847782,-0.6173871,-0.8528184504151325,-0.6268553522987687,1
max. wv (m/s)_fold1_x5,2020-12-07,2020-12-04,-0.4418729,0.017517105,-0.03804688,0.21538109,-0.07533803,-0.3014838,0.07473281,0.04442263,-0.44820753,-0.31596148,0.05159570658926511,0.9034982545487448,1
max. wv (m/s)_fold1_x5,2020-12-08,2020-12-04,-0.47681236,-0.14679323,-0.15788135,0.68223333,-0.009896502,-0.31826064,-0.17702645,0.04235161,-0.22912791,-0.26009563,-0.7283207283086383,0.35997768777612943,1
max. wv (m/s)_fold1_x5,2020-12-09,2020-12-04,-0.20198494,-0.17952822,9.819865e-05,0.7016498,0.151119,-0.3279162,0.06359762,0.04217924,-0.19416179,-0.40224963,-0.9048485469981001,-0.3653405840750711,1
max. wv (m/s)_fold1_x5,2020-12-10,2020-12-04,-0.31578577,-0.4481288,0.023294419,0.7775464,0.1906667,-0.3418768,0.049089283,0.04180179,-0.52178025,-0.49436074,-0.8173202816924601,-0.5229289125944862,1
max. wv (m/s)_fold1_x5,2020-12-11,2020-12-04,-0.2636532,-0.3274166,-0.18355507,-0.049217235,0.27906156,-0.3539254,-0.026441887,0.040519364,-0.5193263,-0.6250424,-0.10120424800297718,-0.5014481066530349,1
max. wv (m/s)_fold1_x5,2020-12-12,2020-12-04,-0.20908421,-0.13641119,-0.15650234,-0.7814962,-0.121373534,-0.33581173,0.0003721714,0.041807678,-0.29921585,-0.7731994,-0.24228739935442778,0.01885285917664176,1
max. wv (m/s)_fold1_x5,2020-12-13,2020-12-04,-0.41796237,-0.20706977,0.015560716,-0.3186279,0.19237298,-0.31839502,0.16973215,0.04767417,-0.2239412,-0.60565186,-0.8073957748378169,0.1352183708146414,1
max. wv (m/s)_fold1_x5,2020-12-14,2020-12-04,-0.64995515,-0.08639386,-0.10483897,0.01680711,0.27380186,-0.30027026,-0.15437385,0.047921866,-0.009708464,-0.521842,0.245671979447584,0.6790599458952236,1
max. wv (m/s)_fold1_x5,2020-12-15,2020-12-04,-0.27714497,-0.26986626,-0.050915524,0.28026003,0.10220176,-0.30963278,-0.2547088,0.051680394,-0.2889494,-0.17497756,-0.09788716215398592,-0.1851211698439898,1
max. wv (m/s)_fold1_x5,2020-12-16,2020-12-04,-0.17923787,-0.33627418,-0.07437502,-0.47523892,-0.0011835247,-0.31599793,-0.03864549,0.045482967,-0.19810334,-0.1615607,-0.47247710685902244,0.4321778063763504,1
max. wv (m/s)_fold1_x5,2020-12-17,2020-12-04,-0.3344192,-0.19393873,-0.12312347,-0.16002162,-0.15643466,-0.31354368,-0.38399315,0.045050625,-0.36474138,-0.25429714,0.3206809207425153,0.2844872340192478,1
max. wv (m/s)_fold1_x5,2020-12-18,2020-12-04,-0.5052319,-0.021529764,-0.24033585,-0.39162856,-0.035638727,-0.3064741,-0.27354035,0.04512123,-0.40864876,-0.52388096,-0.3677748970771534,0.9498839550499613,1
wd (deg)_fold1_x6,2020-12-05,2020-12-04,-0.22999194,0.3312596,0.14791685,0.16690625,-0.3107794,0.09235981,-0.062694855,-0.024521941,0.04980116,-0.039003283,0.13661851070668554,-0.03255872279729448,1
wd (deg)_fold1_x6,2020-12-06,2020-12-04,-0.113868035,0.3039445,0.029798005,0.06307482,-0.45873997,0.2103512,-0.14238787,-0.023220304,0.009462744,-0.16842085,-0.35462385154986126,-0.12343871522334128,1
wd (deg)_fold1_x6,2020-12-07,2020-12-04,-0.2714489,0.10089394,0.3168231,0.42191833,-0.25988838,0.25863504,0.1797604,-0.02586725,0.05217446,0.15108249,0.04600074723405716,0.19182652007796686,1
wd (deg)_fold1_x6,2020-12-08,2020-12-04,-0.19923916,0.15883826,0.0911894,0.38566294,-0.20615429,0.26866916,0.07901527,-0.027938267,0.0038444996,0.10792969,-0.5706263061739951,0.8337513884721652,1
wd (deg)_fold1_x6,2020-12-09,2020-12-04,-0.26658437,0.49640173,0.16709974,0.40732926,-0.15428162,0.22009994,0.19693646,-0.028110638,0.02658765,0.2484554,-0.17356560095962115,0.5096391048049633,1
wd (deg)_fold1_x6,2020-12-10,2020-12-04,-0.24388528,0.083501816,0.23253167,0.2132172,-0.3070041,0.1327168,0.25721318,-0.028488088,0.0642757,0.2355971,-0.25302773074044205,0.08649162497040569,1
wd (deg)_fold1_x6,2020-12-11,2020-12-04,-0.07471093,0.034380272,-0.04892072,0.28321397,-0.12976927,0.054072432,0.04817875,-0.029770516,0.0820416,0.33856988,0.07440089843299288,0.23026754014166903,1
wd (deg)_fold1_x6,2020-12-12,2020-12-04,-0.08712823,0.066192254,0.17148378,0.3078352,-0.30395052,0.09539733,0.21572265,-0.028482188,0.026132151,0.3472729,0.08515805959708295,-0.025822528438257625,1
wd (deg)_fold1_x6,2020-12-13,2020-12-04,-0.18046942,0.23815069,-0.096726336,-0.0029062778,-0.30803868,0.18783247,-0.23197399,-0.02261571,0.1373869,-0.024013907,0.09814235478883596,0.18147821248941046,1
wd (deg)_fold1_x6,2020-12-14,2020-12-04,-0.18480575,0.25267258,-0.13861042,0.32074344,-0.19548923,0.28855464,-0.009288274,-0.022368014,0.11470451,0.018705752,0.03516053768743684,0.5058699859055122,1
wd (deg)_fold1_x6,2020-12-15,2020-12-04,-0.08533979,-0.048877563,0.13502322,0.44478074,0.02072265,0.2741522,-0.022637658,-0.018609472,0.06781113,0.13252583,0.010438471584024755,0.666616518629982,1
wd (deg)_fold1_x6,2020-12-16,2020-12-04,-0.098966844,-0.060231462,0.29465556,-0.29002568,-0.23646781,0.2920992,0.054312404,-0.024806913,0.0321662,-0.14320797,0.08336533249342457,0.18349852410288742,1
wd (deg)_fold1_x6,2020-12-17,2020-12-04,-0.245379,0.01598534,0.33957273,-0.23679698,-0.29698637,0.30209008,0.040665578,-0.025239255,0.06625508,0.074172124,0.040958752163901685,0.14346121830189656,1
wd (deg)_fold1_x6,2020-12-18,2020-12-04,-0.30560756,0.045462847,0.36342674,-0.1896416,-0.24460447,0.31351557,0.18279566,-0.02516865,0.04174497,0.46957558,0.07675659774514981,0.13917943534874896,1
wv (m/s)_fold1_x7,2020-12-05,2020-12-04,0.01861006,0.051921092,0.012308067,-0.00032575335,-0.000891868,0.0009654027,0.0029374184,0.0017724577,0.0043354426,-0.0005871644,-0.009794048829008258,-0.0223444025152541,1
wv (m/s)_fold1_x7,2020-12-06,2020-12-04,0.009678469,-0.019829482,0.007905295,0.017026,0.017291505,0.0022563292,0.0045165373,0.0030740947,0.006066926,-0.0071651386,-0.02046675377568262,-0.014856485870031019,1
wv (m/s)_fold1_x7,2020-12-07,2020-12-04,0.00023742463,0.013454709,0.007139496,0.035191286,0.011017219,0.0026628473,0.01105924,0.00042714924,0.00013869465,0.0022945348,0.011283443780178901,0.03799919565306442,1
wv (m/s)_fold1_x7,2020-12-08,2020-12-04,0.0027701086,0.017966338,0.0044332086,0.028113175,0.014137076,0.0032720682,0.0030373281,-0.0016438682,0.005507726,0.0037669777,-0.01416336652792153,0.006031731841887773,1
wv (m/s)_fold1_x7,2020-12-09,2020-12-04,0.0101581365,0.06707563,0.009793949,0.0172922,0.014849061,0.0035682619,0.012137952,-0.0018162392,0.005322434,-1.6609207e-05,-0.021840996163595854,-0.002992148823653047,1
wv (m/s)_fold1_x7,2020-12-10,2020-12-04,0.004595975,0.079083465,0.011163964,-0.015868623,0.016660277,0.0028926367,0.011895297,-0.0021936893,-0.0033764555,-0.0027237423,-0.016329364472013684,-0.007397455411483545,1
wv (m/s)_fold1_x7,2020-12-11,2020-12-04,0.0033978594,0.06416166,0.0035507171,-0.03931939,0.01996196,0.0019580517,0.008626429,-0.0034761168,-0.004316313,-0.008253277,0.00670752320044453,-0.008534437716905447,1
wv (m/s)_fold1_x7,2020-12-12,2020-12-04,0.0068083014,0.0075286254,0.0043448694,-0.035748314,0.0073491596,0.0022420783,0.009775777,-0.0021877885,0.00086098956,-0.014372124,0.003913719083018589,0.00740064254255401,1
wv (m/s)_fold1_x7,2020-12-13,2020-12-04,-0.013007554,-0.00046522543,0.012149023,-0.017660327,0.013135168,0.0008892774,0.017228018,0.0036786888,0.004385247,-0.007887584,-0.018091487107145872,0.01638453555374238,1
wv (m/s)_fold1_x7,2020-12-14,2020-12-04,-0.021157533,0.013791971,0.006621525,0.0048043383,0.017698,0.0001357813,0.004709282,0.003926385,0.008697785,-0.0054157414,0.018803788642066832,0.02851678988428192,1
wv (m/s)_fold1_x7,2020-12-15,2020-12-04,-0.013097183,0.09258309,0.0057296483,0.004561148,0.016774043,-0.002977294,-0.00044524914,0.0076849237,0.003100735,0.0050992556,0.005078692746487227,-0.00017301919180387224,1
wv (m/s)_fold1_x7,2020-12-16,2020-12-04,-0.006901892,0.04281747,0.004508187,-0.017671965,0.0068225283,-0.0052958224,0.005745971,0.0014874861,0.0048228456,0.004328753,-0.006028544710817295,0.019149015391309837,1
wv (m/s)_fold1_x7,2020-12-17,2020-12-04,-0.004500527,0.0076547265,0.0015482213,0.0044474252,0.006241607,-0.005120266,-0.007140783,0.0010551438,0.0020754845,0.0012163287,0.019866127326030793,0.018793125267572843,1
wv (m/s)_fold1_x7,2020-12-18,2020-12-04,-0.005215062,0.017858569,0.00011427485,0.02046891,0.014696533,-0.004155677,-0.0019549285,0.0011257492,-0.00078659644,-0.008935426,-0.004603651294057601,0.042129920347674606,1
OT_fold2_x8,2020-12-05,2020-12-04,0.08297317,0.100875184,0.057262048,0.069872774,0.061726127,0.087697536,0.06667728,0.03013945,0.07385012,0.067017324,0.09480541995557776,0.062237962104810675,2
OT_fold2_x8,2020-12-06,2020-12-04,0.06677957,0.10782926,0.057438105,0.06832988,0.08867398,0.081859894,0.054645024,0.029138243,0.07153682,0.0642003,0.13654727970564184,0.08652722366994825,2
OT_fold2_x8,2020-12-07,2020-12-04,0.06958367,0.08367829,0.077089325,0.0709178,0.05767917,0.029612478,0.05657248,0.027022041,0.074303694,0.06814261,0.09924384986270794,0.04627388381131372,2
OT_fold2_x8,2020-12-08,2020-12-04,0.048483208,0.073438406,0.067836165,0.07526835,0.04733462,0.034509566,0.061542254,0.028299306,0.07293823,0.06817519,0.09351585168997718,0.024172166832857837,2
OT_fold2_x8,2020-12-09,2020-12-04,0.05534774,0.080901414,0.06303407,0.07363792,0.048538297,0.022007748,0.05065518,0.027057454,0.07547437,0.063198715,0.13995116115846132,0.02312857512282764,2
OT_fold2_x8,2020-12-10,2020-12-04,0.052695,0.07230376,0.06348148,0.07221655,0.05548708,0.05473616,0.04888329,0.027193181,0.074231334,0.064113155,0.11066548183643535,0.055765685014500015,2
OT_fold2_x8,2020-12-11,2020-12-04,0.044782106,0.060343727,0.07468208,0.07752461,0.05926264,0.055132844,0.075874195,0.023605252,0.08375568,0.06716749,0.10887310855283061,0.06304188856640901,2
OT_fold2_x8,2020-12-12,2020-12-04,0.06877294,0.056436453,0.0775436,0.072829105,0.050285988,0.048054732,0.065953895,0.022502007,0.077527955,0.064768605,0.0789363148190007,0.055304478972805556,2
OT_fold2_x8,2020-12-13,2020-12-04,0.066027194,0.061913818,0.07708388,0.06863261,0.05918371,0.050964735,0.06580969,0.026573641,0.07214935,0.068243876,0.10960922956839785,0.06968868152024087,2
OT_fold2_x8,2020-12-14,2020-12-04,0.055257507,0.05882112,0.08033054,0.06727428,0.051541332,0.042419266,0.08262091,0.025631052,0.07118348,0.068777226,0.07827615715147725,0.030348710489275756,2
OT_fold2_x8,2020-12-15,2020-12-04,0.04904187,0.056616083,0.06504365,0.068531245,0.07736084,0.048684165,0.08182256,0.026047992,0.076546885,0.069101736,0.06930705612887801,0.02430781566865034,2
OT_fold2_x8,2020-12-16,2020-12-04,0.05886405,0.06648666,0.08112436,0.0681375,0.062576436,0.06706709,0.056111004,0.023986725,0.07188009,0.06552737,0.08633008069526317,0.04054588563858297,2
OT_fold2_x8,2020-12-17,2020-12-04,0.07894795,0.06016769,0.08204572,0.06772679,0.054954518,0.056285407,0.062364448,0.025121473,0.06936656,0.069104776,0.07630111010233863,0.045995351535153155,2
OT_fold2_x8,2020-12-18,2020-12-04,0.073397376,0.07418415,0.06784192,0.06689966,0.05765115,0.04301273,0.06712142,0.023451187,0.072266035,0.067726605,0.08950607210395127,0.04284287259133575,2
PAR (�mol/m�/s)_fold2_x9,2020-12-05,2020-12-04,-0.49247968,-0.53638995,-0.53967774,-0.5549523,-0.47307107,-0.54167396,-0.56263864,-0.5500025,-0.5615019,-0.53686637,-0.6037034631833689,-0.4746432103567496,2
PAR (�mol/m�/s)_fold2_x9,2020-12-06,2020-12-04,-0.43347844,-0.559771,-0.533481,-0.54511553,-0.543507,-0.553096,-0.54810333,-0.5510037,-0.55935156,-0.5236901,-0.6083283890320873,-0.47257423376973445,2
PAR (�mol/m�/s)_fold2_x9,2020-12-07,2020-12-04,-0.5059314,-0.57049465,-0.525745,-0.53582984,-0.58204234,-0.52462417,-0.5601249,-0.5531199,-0.54630727,-0.5206423,-0.5707960445531114,-0.6257479737249639,2
PAR (�mol/m�/s)_fold2_x9,2020-12-08,2020-12-04,-0.5841814,-0.5516515,-0.5667367,-0.5524088,-0.6329684,-0.5795338,-0.5323699,-0.55184263,-0.5435094,-0.5356686,-0.49396355142835957,-0.6392157779744742,2
PAR (�mol/m�/s)_fold2_x9,2020-12-09,2020-12-04,-0.5566886,-0.5643803,-0.5246151,-0.5534156,-0.71974146,-0.5747225,-0.5581459,-0.5530845,-0.5548469,-0.5381225,-0.6183260152155229,-0.5400847683716135,2
PAR (�mol/m�/s)_fold2_x9,2020-12-10,2020-12-04,-0.56578356,-0.57149386,-0.5536807,-0.5624493,-0.6130802,-0.5350007,-0.57777834,-0.5529488,-0.5668731,-0.53554213,-0.6494240866519807,-0.5951573206897194,2
PAR (�mol/m�/s)_fold2_x9,2020-12-11,2020-12-04,-0.5212678,-0.59369373,-0.5741457,-0.5634761,-0.56337243,-0.54303354,-0.54931444,-0.55653673,-0.5700462,-0.5514701,-0.6398809115103334,-0.5883697835497483,2
PAR (�mol/m�/s)_fold2_x9,2020-12-12,2020-12-04,-0.51790935,-0.603784,-0.52755094,-0.56708026,-0.46424392,-0.5382187,-0.5218095,-0.55763984,-0.55473274,-0.53125536,-0.5876122167788143,-0.6332982705142441,2
PAR (�mol/m�/s)_fold2_x9,2020-12-13,2020-12-04,-0.5648917,-0.60304934,-0.56051856,-0.5585656,-0.5182017,-0.557567,-0.5912662,-0.5535684,-0.5631242,-0.5534787,-0.610262662042794,-0.636776015345951,2
PAR (�mol/m�/s)_fold2_x9,2020-12-14,2020-12-04,-0.53097683,-0.5693937,-0.55734056,-0.5520316,-0.5353595,-0.5881193,-0.564443,-0.5545109,-0.563069,-0.5476792,-0.5017653318989428,-0.608379724344023,2
PAR (�mol/m�/s)_fold2_x9,2020-12-15,2020-12-04,-0.49606392,-0.5570902,-0.58984166,-0.54478043,-0.4796522,-0.39094502,-0.5616346,-0.55409396,-0.5411804,-0.5452941,-0.6048947094825912,-0.49037571757510307,2
PAR (�mol/m�/s)_fold2_x9,2020-12-16,2020-12-04,-0.42894974,-0.5505768,-0.5415094,-0.56062585,-0.4111102,-0.21246722,-0.54193145,-0.55615526,-0.5481053,-0.52410096,-0.5054545010644884,-0.5083831361000285,2
PAR (�mol/m�/s)_fold2_x9,2020-12-17,2020-12-04,-0.50007313,-0.57185376,-0.54130256,-0.5543892,-0.622061,-0.48528883,-0.5418348,-0.5550205,-0.54659826,-0.5266509,-0.5534914450242524,-0.562101830841798,2
PAR (�mol/m�/s)_fold2_x9,2020-12-18,2020-12-04,-0.4493431,-0.5855353,-0.5229652,-0.5586808,-0.6450862,-0.38139647,-0.5058929,-0.55669075,-0.53662735,-0.5259033,-0.49099648909284466,-0.5368501986158098,2
VPact (mbar)_fold2_x10,2020-12-05,2020-12-04,-0.8187098,-0.52634895,-0.9895456,-1.0055674,-1.1300718,-1.0239477,-1.0537364,-0.9903021,-1.0192524,-1.0005231,-0.860863852927045,-1.086743231465888,2
VPact (mbar)_fold2_x10,2020-12-06,2020-12-04,-0.41054258,-0.29709652,-0.8944191,-0.96828055,-1.0911533,-0.9464727,-0.980303,-0.99130327,-0.9630166,-0.92417085,-0.7240975351813718,-1.2126682722518183,2
VPact (mbar)_fold2_x10,2020-12-07,2020-12-04,-0.594766,-0.5735278,-0.86389667,-0.9236898,-0.6460153,-0.95436573,-0.9399537,-0.99341947,-0.9341246,-0.8797281,-0.6632019293937107,-0.6210410028444843,2
VPact (mbar)_fold2_x10,2020-12-08,2020-12-04,-0.61157596,-0.5092867,-0.9615419,-0.8941649,-0.7285723,-1.2302314,-0.901694,-0.9921422,-0.8892179,-0.92423946,-0.7552482834597811,-0.7640153551101447,2
VPact (mbar)_fold2_x10,2020-12-09,2020-12-04,-0.615443,-0.53061146,-0.89820755,-0.97105056,-0.8789696,-1.1049755,-0.9850144,-0.99338406,-0.95026696,-0.9101703,-0.6305347146676709,-0.9467653585751127,2
VPact (mbar)_fold2_x10,2020-12-10,2020-12-04,-0.80100644,-0.7356159,-1.07499,-0.9602109,-0.7602921,-1.0571903,-0.9665412,-0.99324834,-0.9187426,-0.9393868,-0.6325250768801859,-0.8409286377509028,2
VPact (mbar)_fold2_x10,2020-12-11,2020-12-04,-0.3872344,-0.52131706,-0.94365036,-0.93393916,-1.0156388,-1.0543393,-0.92771304,-0.9968363,-0.902461,-0.94427514,-0.7351393065031812,-0.8180710653579726,2
VPact (mbar)_fold2_x10,2020-12-12,2020-12-04,-0.32256,-0.60500646,-0.8713527,-0.9955157,-0.9339469,-1.0512449,-0.8853445,-0.9979393,-0.91891,-0.88603264,-0.6473422177955752,-0.5701603942213826,2
VPact (mbar)_fold2_x10,2020-12-13,2020-12-04,-0.34399182,-0.55233365,-0.97231746,-0.95550096,-1.0239465,-0.89958125,-1.0245221,-0.9938681,-0.9541608,-0.9423714,-0.3746310016300287,-0.052113340575118884,2
VPact (mbar)_fold2_x10,2020-12-14,2020-12-04,-0.6671014,-0.8809441,-0.9571291,-0.9485235,-0.7557142,-0.88804984,-0.9468817,-0.99481046,-0.9556013,-0.96525,-0.5004977167833579,-0.24121354728953948,2
VPact (mbar)_fold2_x10,2020-12-15,2020-12-04,-0.5242284,-1.0012413,-0.96338725,-0.9443268,-0.82524985,-1.0624852,-0.90989435,-0.9943933,-0.9479433,-0.9041075,-0.502914585184269,-0.9193741833647873,2
VPact (mbar)_fold2_x10,2020-12-16,2020-12-04,-0.6681301,-0.5305814,-1.0538976,-0.91541004,-0.8164292,-1.0818441,-0.82348865,-0.99645483,-0.9282287,-0.89286107,-0.10338886233562417,-0.9705549259723159,2
VPact (mbar)_fold2_x10,2020-12-17,2020-12-04,-0.8401555,-0.38440087,-0.93975186,-0.91848415,-0.86017287,-1.1704075,-0.84395003,-0.9953201,-0.8915627,-0.9243516,-0.3983257898742549,-0.6738961771546047,2
VPact (mbar)_fold2_x10,2020-12-18,2020-12-04,-0.76868886,-0.66026175,-0.8996843,-0.94167274,-0.9514691,-1.2135482,-0.79965985,-0.9969903,-0.9127583,-0.90849733,-0.5638101909719301,-0.7018244342317992,2
VPmax (mbar)_fold2_x11,2020-12-05,2020-12-04,-1.1431993,-0.7852794,-1.0629312,-1.0656652,-1.2152535,-1.0506707,-1.0793061,-1.0142112,-1.0714663,-1.0659252,-1.0466620635119552,-1.1989246940804101,2
VPmax (mbar)_fold2_x11,2020-12-06,2020-12-04,-1.0570091,-0.819294,-1.0238558,-1.065283,-1.0908492,-0.9430195,-1.0486845,-1.0152124,-1.0612516,-1.0534761,-1.0863552149206686,-1.2123285174497243,2
VPmax (mbar)_fold2_x11,2020-12-07,2020-12-04,-1.2197418,-0.9529542,-1.0860895,-1.0632125,-1.1345161,-0.9989329,-1.0705668,-1.0173286,-1.0586039,-1.0747869,-0.978468629926716,-0.8586184348965236,2
VPmax (mbar)_fold2_x11,2020-12-08,2020-12-04,-1.2295935,-0.9032581,-1.1145704,-1.068575,-1.3084232,-1.0824527,-1.0415589,-1.0160513,-1.0675734,-1.0885649,-0.993626532406419,-0.9428518409927703,2
VPmax (mbar)_fold2_x11,2020-12-09,2020-12-04,-1.0076226,-0.7460191,-1.1421324,-1.1026554,-1.1381214,-1.0244203,-1.147885,-1.0172932,-1.0882796,-1.1069435,-1.0588397682159878,-1.015832431349848,2
VPmax (mbar)_fold2_x11,2020-12-10,2020-12-04,-1.203158,-0.82370293,-1.1913238,-1.0856868,-1.1568764,-1.0316741,-1.0941038,-1.0171574,-1.0672007,-1.1056099,-1.0630274599180074,-1.0164318964196668,2
VPmax (mbar)_fold2_x11,2020-12-11,2020-12-04,-1.2352376,-0.6274348,-1.1318736,-1.0903687,-1.1621908,-1.1234839,-1.1364417,-1.0207454,-1.071366,-1.1048019,-1.057897751677701,-1.0282927410153664,2
VPmax (mbar)_fold2_x11,2020-12-12,2020-12-04,-1.3015463,-0.7437932,-1.0924699,-1.1078118,-1.2314556,-1.123201,-1.0944517,-1.0218484,-1.0965887,-1.074827,-0.9995355452374896,-0.8667283409125003,2
VPmax (mbar)_fold2_x11,2020-12-13,2020-12-04,-1.0263886,-0.89617115,-1.1430129,-1.0885087,-1.2026453,-1.0949306,-1.1757743,-1.0177771,-1.0765617,-1.1036832,-0.8775444035293729,-0.6373901327732681,2
VPmax (mbar)_fold2_x11,2020-12-14,2020-12-04,-1.0306317,-1.0156555,-1.0883355,-1.0644019,-1.1423844,-0.99442816,-1.097481,-1.0187196,-1.0695958,-1.0967337,-0.8610591141093571,-0.5731189135019857,2
VPmax (mbar)_fold2_x11,2020-12-15,2020-12-04,-1.0002315,-1.1820037,-1.1089193,-1.0769099,-1.2097024,-1.0732569,-1.0995727,-1.0183026,-1.0528033,-1.07723,-0.7814844079842733,-0.968431871900608,2
VPmax (mbar)_fold2_x11,2020-12-16,2020-12-04,-1.0585629,-0.9071486,-1.1298934,-1.0761484,-1.0077449,-1.0277323,-1.0015506,-1.0203639,-1.0578215,-1.0666418,-0.6537812205394551,-1.0426884664777283,2
VPmax (mbar)_fold2_x11,2020-12-17,2020-12-04,-1.0285931,-0.84785104,-1.0931876,-1.0682085,-1.0522473,-1.0572002,-0.9748505,-1.0192292,-1.0406685,-1.0700107,-0.8406259190152493,-0.9270430907229787,2
VPmax (mbar)_fold2_x11,2020-12-18,2020-12-04,-1.0478506,-0.8500278,-1.0647389,-1.0811397,-1.0626974,-1.0973845,-1.0006746,-1.0208994,-1.043972,-1.0714823,-0.9594142044931915,-0.6598358177446246,2
VPact (mbar)_fold3_x12,2020-12-05,2020-12-04,-0.69016254,-0.96683174,-0.989493,-0.9808779,-0.94059867,-1.0087044,-0.97638977,-0.80946404,-0.84606177,-1.0090714,-0.860863852927045,-1.086743231465888,3
VPact (mbar)_fold3_x12,2020-12-06,2020-12-04,-0.68830895,-0.85169584,-0.9779009,-0.9790664,-0.961949,-1.0032008,-0.95548916,-0.9545349,-0.8421227,-0.98454714,-0.7240975351813718,-1.2126682722518183,3
VPact (mbar)_fold3_x12,2020-12-07,2020-12-04,-0.6872196,-0.65443087,-0.94350207,-0.9097784,-0.7595601,-0.9445793,-0.9334167,-0.5490614,-0.8514664,-0.9901273,-0.6632019293937107,-0.6210410028444843,3
VPact (mbar)_fold3_x12,2020-12-08,2020-12-04,-0.6869749,-0.45771322,-0.9148185,-0.86557645,-0.83155847,-0.96185136,-0.91249645,-0.5346112,-0.8446713,-0.9777215,-0.7552482834597811,-0.7640153551101447,3
VPact (mbar)_fold3_x12,2020-12-09,2020-12-04,-0.68694556,-0.22675028,-0.96172184,-0.9553034,-0.98580384,-1.1662467,-0.9619697,-0.57008696,-0.8596411,-0.9871059,-0.6305347146676709,-0.9467653585751127,3
VPact (mbar)_fold3_x12,2020-12-10,2020-12-04,-0.68693095,-0.21914852,-0.94515604,-0.9295324,-0.82510084,-1.1741911,-0.93563557,-1.1686684,-0.86956227,-1.017496,-0.6325250768801859,-0.8409286377509028,3
VPact (mbar)_fold3_x12,2020-12-11,2020-12-04,-0.68688214,-0.35917535,-0.917337,-0.9728544,-0.9719446,-1.2387494,-0.92241293,-1.0303279,-0.8501555,-0.9906172,-0.7351393065031812,-0.8180710653579726,3
VPact (mbar)_fold3_x12,2020-12-12,2020-12-04,-0.68697333,-0.3512986,-0.96385,-0.9842257,-0.5353893,-1.2408714,-0.9693293,-1.1142069,-0.8471854,-0.9502928,-0.6473422177955752,-0.5701603942213826,3
VPact (mbar)_fold3_x12,2020-12-13,2020-12-04,-0.6881028,-0.3166114,-0.9579997,-0.9455872,-1.0463228,-1.2189674,-0.96335375,-1.387474,-0.86267936,-0.94660985,-0.3746310016300287,-0.052113340575118884,3
VPact (mbar)_fold3_x12,2020-12-14,2020-12-04,-0.6932265,-0.49305263,-0.937126,-0.99526083,-0.8331557,-1.25216,-0.9297798,-0.88087475,-0.85163224,-0.9903464,-0.5004977167833579,-0.24121354728953948,3
VPact (mbar)_fold3_x12,2020-12-15,2020-12-04,-0.6955522,-0.5152476,-0.93410844,-0.98300284,-0.80515015,-1.1745611,-0.9237152,-0.8185086,-0.8629285,-1.0103188,-0.502914585184269,-0.9193741833647873,3
VPact (mbar)_fold3_x12,2020-12-16,2020-12-04,-0.6951808,-0.3066378,-0.9525718,-0.931178,-0.556534,-1.094751,-0.95237046,-0.80208343,-0.87661374,-0.9762558,-0.10338886233562417,-0.9705549259723159,3
VPact (mbar)_fold3_x12,2020-12-17,2020-12-04,-0.6950262,-0.31964383,-0.9200072,-0.96986717,-0.89750034,-1.1365695,-0.9177743,-0.4940018,-0.8682009,-0.9937285,-0.3983257898742549,-0.6738961771546047,3
VPact (mbar)_fold3_x12,2020-12-18,2020-12-04,-0.69468474,-0.22583318,-0.9111894,-0.9174354,-0.94816846,-1.1211078,-0.9106921,-0.69251776,-0.84815675,-0.9935128,-0.5638101909719301,-0.7018244342317992,3
VPmax (mbar)_fold3_x13,2020-12-05,2020-12-04,-0.9453368,-0.910116,-1.0649422,-1.0609584,-1.0085328,-1.1566503,-1.0585859,-0.83733594,-1.0496806,-1.0159626,-1.0466620635119552,-1.1989246940804101,3
VPmax (mbar)_fold3_x13,2020-12-06,2020-12-04,-0.946096,-0.8497324,-1.08489,-1.0750171,-0.89180493,-1.1418573,-1.0769198,-0.85085046,-1.0427184,-1.0325847,-1.0863552149206686,-1.2123285174497243,3
VPmax (mbar)_fold3_x13,2020-12-07,2020-12-04,-0.9459024,-0.7535963,-1.0702537,-1.0656877,-0.992841,-1.0899887,-1.065125,-0.7575385,-1.0477242,-1.0682214,-0.978468629926716,-0.8586184348965236,3
VPmax (mbar)_fold3_x13,2020-12-08,2020-12-04,-0.9457897,-0.7099662,-1.0754974,-1.0648408,-1.1415058,-1.104701,-1.0765082,-0.7250124,-1.05336,-1.1075109,-0.993626532406419,-0.9428518409927703,3
VPmax (mbar)_fold3_x13,2020-12-09,2020-12-04,-0.9457731,-0.6862399,-1.1029097,-1.1026483,-1.1643083,-1.2620366,-1.1042789,-1.0556083,-1.0516784,-1.0622212,-1.0588397682159878,-1.015832431349848,3
VPmax (mbar)_fold3_x13,2020-12-10,2020-12-04,-0.9457712,-0.6266248,-1.071672,-1.0748577,-1.176112,-1.2733326,-1.0678312,-1.4668037,-1.0551339,-1.0617312,-1.0630274599180074,-1.0164318964196668,3
VPmax (mbar)_fold3_x13,2020-12-11,2020-12-04,-0.9457733,-0.8069961,-1.0768276,-1.0913858,-1.1379381,-1.3202279,-1.0810796,-1.5542645,-1.0374165,-1.0623518,-1.057897751677701,-1.0282927410153664,3
VPmax (mbar)_fold3_x13,2020-12-12,2020-12-04,-0.9457912,-0.77048874,-1.107849,-1.110236,-1.1215305,-1.3215933,-1.1133678,-1.6251998,-1.0495994,-1.0389384,-0.9995355452374896,-0.8667283409125003,3
VPmax (mbar)_fold3_x13,2020-12-13,2020-12-04,-0.9459306,-0.8424189,-1.0941207,-1.0936629,-1.1129156,-1.29841,-1.102608,-1.9429281,-1.0518832,-1.0841149,-0.8775444035293729,-0.6373901327732681,3
VPmax (mbar)_fold3_x13,2020-12-14,2020-12-04,-0.9473287,-0.8326874,-1.0757035,-1.0929594,-1.0394243,-1.320628,-1.0727136,-1.4811807,-1.042765,-1.030715,-0.8610591141093571,-0.5731189135019857,3
VPmax (mbar)_fold3_x13,2020-12-15,2020-12-04,-0.9509518,-0.7610767,-1.0738713,-1.0856026,-1.0655608,-1.2640657,-1.0663183,-1.4418612,-1.0536028,-1.0646582,-0.7814844079842733,-0.968431871900608,3
VPmax (mbar)_fold3_x13,2020-12-16,2020-12-04,-0.95051545,-0.74005616,-1.091848,-1.0838939,-0.95903707,-1.2031968,-1.0936859,-1.2329574,-1.0698177,-1.0512323,-0.6537812205394551,-1.0426884664777283,3
VPmax (mbar)_fold3_x13,2020-12-17,2020-12-04,-0.95030785,-0.7279504,-1.0619388,-1.0775559,-0.97447467,-1.2369715,-1.0649501,-0.9685117,-1.0633346,-1.041646,-0.8406259190152493,-0.9270430907229787,3
VPmax (mbar)_fold3_x13,2020-12-18,2020-12-04,-0.95020825,-0.78337896,-1.0658083,-1.0742041,-1.128101,-1.2301241,-1.069684,-1.110055,-1.0400475,-1.0411632,-0.9594142044931915,-0.6598358177446246,3
sh (g/kg)_fold3_x14,2020-12-05,2020-12-04,-0.6938935,-0.92089355,-0.96776426,-0.9600135,-0.94452435,-1.0197488,-0.9549198,-0.7959647,-0.84811676,-0.9805271,-0.8331540361841456,-1.0998911495543298,3
sh (g/kg)_fold3_x14,2020-12-06,2020-12-04,-0.6924032,-0.8637353,-0.9650113,-0.9640463,-0.9677128,-1.0142616,-0.9435885,-0.9453156,-0.84340286,-0.96225077,-0.6953505769546244,-1.21640440551722,3
sh (g/kg)_fold3_x14,2020-12-07,2020-12-04,-0.6913067,-0.65855277,-0.9327097,-0.9043485,-0.77558005,-0.95581484,-0.92388207,-0.58057284,-0.85293,-0.9665928,-0.635328191905049,-0.6250350969482001,3
sh (g/kg)_fold3_x14,2020-12-08,2020-12-04,-0.6910521,-0.44943768,-0.9057493,-0.8633298,-0.8287028,-0.97353494,-0.9044433,-0.5455204,-0.84693325,-0.9514582,-0.7348611800058532,-0.7732556643268214,3
sh (g/kg)_fold3_x14,2020-12-09,2020-12-04,-0.69101995,-0.2243245,-0.9560024,-0.94976723,-0.9736551,-1.1784827,-0.95684534,-0.56344354,-0.8610708,-0.971221,-0.6156596996140103,-0.9641119672014011,3
sh (g/kg)_fold3_x14,2020-12-10,2020-12-04,-0.69100124,-0.22308232,-0.93849355,-0.92432714,-0.81930834,-1.1871178,-0.9296065,-1.1582234,-0.86964667,-0.99299836,-0.6155356864217592,-0.8530457522212364,3
sh (g/kg)_fold3_x14,2020-12-11,2020-12-04,-0.69094145,-0.3543162,-0.9107091,-0.959625,-0.9878559,-1.2517505,-0.9153504,-1.026771,-0.8512039,-0.97271097,-0.7095376861481604,-0.8281191005787474,3
sh (g/kg)_fold3_x14,2020-12-12,2020-12-04,-0.6911035,-0.3609801,-0.9591417,-0.97731274,-0.526536,-1.2541931,-0.96383893,-1.1465508,-0.8501065,-0.9343069,-0.6187352267818398,-0.5833666643518006,3
sh (g/kg)_fold3_x14,2020-12-13,2020-12-04,-0.6921369,-0.32156655,-0.951598,-0.9396001,-1.0184976,-1.2321913,-0.95523155,-1.425776,-0.86241925,-0.9364899,-0.36376410351339517,-0.057649939760560244,3
sh (g/kg)_fold3_x14,2020-12-14,2020-12-04,-0.69395316,-0.47379,-0.929157,-0.9830786,-0.8010608,-1.2654499,-0.9214077,-0.89159405,-0.8528955,-0.9716551,-0.49462282397684987,-0.24287604370693616,3
sh (g/kg)_fold3_x14,2020-12-15,2020-12-04,-0.69923574,-0.5083468,-0.92868346,-0.9725071,-0.8104071,-1.1879251,-0.91885066,-0.86656016,-0.8640274,-0.9905092,-0.49695427199117215,-0.9331582744155045,3
sh (g/kg)_fold3_x14,2020-12-16,2020-12-04,-0.69955176,-0.31236136,-0.94577456,-0.9262726,-0.56281066,-1.1082184,-0.9454353,-0.84361863,-0.87766474,-0.95461047,-0.11127324408997435,-0.9753227597809087,3
sh (g/kg)_fold3_x14,2020-12-17,2020-12-04,-0.6991805,-0.30949426,-0.91461366,-0.95663834,-0.8972784,-1.1501102,-0.91200566,-0.56938356,-0.8693913,-0.97328365,-0.40721832607821185,-0.6784351775315622,3
sh (g/kg)_fold3_x14,2020-12-18,2020-12-04,-0.6987755,-0.21613649,-0.9070415,-0.9133828,-0.9424552,-1.134521,-0.9064676,-0.73290956,-0.8493722,-0.9769534,-0.5759258728167294,-0.6949041294625201,3
wv (m/s)_fold3_x15,2020-12-05,2020-12-04,0.010395746,0.0104112,0.0059508868,0.005417364,-0.011914237,0.0025112005,0.006063146,-0.0026172139,0.001352825,0.0083375145,-0.009794048829008258,-0.0223444025152541,3
wv (m/s)_fold3_x15,2020-12-06,2020-12-04,0.0076616015,0.008515637,0.0032496965,0.0034131897,-0.0028411085,0.0013010541,0.0032656454,0.004035007,0.0023583018,0.0068153217,-0.02046675377568262,-0.014856485870031019,3
wv (m/s)_fold3_x15,2020-12-07,2020-12-04,0.0071414188,0.007673437,0.004081293,0.002782721,-0.008729604,0.0011861534,0.004724024,0.007800035,0.0021985224,0.009218811,0.011283443780178901,0.03799919565306442,3
wv (m/s)_fold3_x15,2020-12-08,2020-12-04,0.0068932613,0.002614668,-0.0006401335,-0.0011828969,-0.005542079,0.0022244956,-0.0004734659,0.0137683265,0.00072360726,0.007096297,-0.01416336652792153,0.006031731841887773,3
wv (m/s)_fold3_x15,2020-12-09,2020-12-04,0.00709902,0.0100255925,0.00046533486,-0.001265864,-0.0025965828,0.0022778579,0.0003812487,0.013338588,0.0023306343,0.0065578823,-0.021840996163595854,-0.002992148823653047,3
wv (m/s)_fold3_x15,2020-12-10,2020-12-04,0.0077854786,0.009070277,0.0043898467,0.0038846624,0.00085701846,0.0043437798,0.0040518795,0.022174843,0.0012416847,0.006241574,-0.016329364472013684,-0.007397455411483545,3
wv (m/s)_fold3_x15,2020-12-11,2020-12-04,0.008139149,0.007370608,-0.0013764886,0.00010778359,-0.01032038,0.0038074073,-0.0012823775,0.0023428686,0.0015148325,0.0057909586,0.00670752320044453,-0.008534437716905447,3
wv (m/s)_fold3_x15,2020-12-12,2020-12-04,0.007917879,0.01662001,0.00017775956,0.0019591893,-0.013846694,0.004451656,0.001372246,0.0046460256,0.0012539232,0.0049076895,0.003913719083018589,0.00740064254255401,3
wv (m/s)_fold3_x15,2020-12-13,2020-12-04,0.007006581,0.017204706,0.004524515,0.0038389424,0.0022396797,0.0035991836,0.0051024123,-0.00441372,0.0018132238,0.003190427,-0.018091487107145872,0.01638453555374238,3
wv (m/s)_fold3_x15,2020-12-14,2020-12-04,0.006595292,0.01742065,0.0018542586,0.0039769663,0.006618102,0.0031542117,0.0020276727,0.0008685887,0.0017555126,0.005667293,0.018803788642066832,0.02851678988428192,3
wv (m/s)_fold3_x15,2020-12-15,2020-12-04,0.0072016194,0.011615135,0.0007550834,0.0020864285,-0.004563235,0.0041265693,0.0011931494,-0.0035699382,0.0009395421,0.0068052025,0.005078692746487227,-0.00017301919180387224,3
wv (m/s)_fold3_x15,2020-12-16,2020-12-04,0.0077412543,0.010543844,0.0036533065,0.0026114988,-0.0031234126,0.004859671,0.0038884007,0.0033613667,0.000830329,0.0042077987,-0.006028544710817295,0.019149015391309837,3
wv (m/s)_fold3_x15,2020-12-17,2020-12-04,0.007840979,0.009728903,0.00086725934,0.0012910331,0.0050577526,0.0049766563,0.0006630909,0.023413144,0.00073602685,0.007686753,0.019866127326030793,0.018793125267572843,3
wv (m/s)_fold3_x15,2020-12-18,2020-12-04,0.007854486,0.010893051,0.0012609056,0.0012653288,0.01874472,0.005399414,0.0017058844,-0.00014454499,0.0016653646,0.005906396,-0.004603651294057601,0.042129920347674606,3
VPact (mbar)_fold4_x16,2020-12-05,2020-12-04,-0.69016254,-0.96683174,-0.989493,-0.9808779,-0.94059867,-1.0087044,-0.97638977,-0.80946404,-0.84606177,-1.0090714,-0.860863852927045,-1.086743231465888,4
VPact (mbar)_fold4_x16,2020-12-06,2020-12-04,-0.68830895,-0.85169584,-0.9779009,-0.9790664,-0.961949,-1.0032008,-0.95548916,-0.9545349,-0.8421227,-0.98454714,-0.7240975351813718,-1.2126682722518183,4
VPact (mbar)_fold4_x16,2020-12-07,2020-12-04,-0.6872196,-0.65443087,-0.94350207,-0.9097784,-0.7595601,-0.9445793,-0.9334167,-0.5490614,-0.8514664,-0.9901273,-0.6632019293937107,-0.6210410028444843,4
VPact (mbar)_fold4_x16,2020-12-08,2020-12-04,-0.6869749,-0.45771322,-0.9148185,-0.86557645,-0.83155847,-0.96185136,-0.91249645,-0.5346112,-0.8446713,-0.9777215,-0.7552482834597811,-0.7640153551101447,4
VPact (mbar)_fold4_x16,2020-12-09,2020-12-04,-0.68694556,-0.22675028,-0.96172184,-0.9553034,-0.98580384,-1.1662467,-0.9619697,-0.57008696,-0.8596411,-0.9871059,-0.6305347146676709,-0.9467653585751127,4
VPact (mbar)_fold4_x16,2020-12-10,2020-12-04,-0.68693095,-0.21914852,-0.94515604,-0.9295324,-0.82510084,-1.1741911,-0.93563557,-1.1686684,-0.86956227,-1.017496,-0.6325250768801859,-0.8409286377509028,4
VPact (mbar)_fold4_x16,2020-12-11,2020-12-04,-0.68688214,-0.35917535,-0.917337,-0.9728544,-0.9719446,-1.2387494,-0.92241293,-1.0303279,-0.8501555,-0.9906172,-0.7351393065031812,-0.8180710653579726,4
VPact (mbar)_fold4_x16,2020-12-12,2020-12-04,-0.68697333,-0.3512986,-0.96385,-0.9842257,-0.5353893,-1.2408714,-0.9693293,-1.1142069,-0.8471854,-0.9502928,-0.6473422177955752,-0.5701603942213826,4
VPact (mbar)_fold4_x16,2020-12-13,2020-12-04,-0.6881028,-0.3166114,-0.9579997,-0.9455872,-1.0463228,-1.2189674,-0.96335375,-1.387474,-0.86267936,-0.94660985,-0.3746310016300287,-0.052113340575118884,4
VPact (mbar)_fold4_x16,2020-12-14,2020-12-04,-0.6932265,-0.49305263,-0.937126,-0.99526083,-0.8331557,-1.25216,-0.9297798,-0.88087475,-0.85163224,-0.9903464,-0.5004977167833579,-0.24121354728953948,4
VPact (mbar)_fold4_x16,2020-12-15,2020-12-04,-0.6955522,-0.5152476,-0.93410844,-0.98300284,-0.80515015,-1.1745611,-0.9237152,-0.8185086,-0.8629285,-1.0103188,-0.502914585184269,-0.9193741833647873,4
VPact (mbar)_fold4_x16,2020-12-16,2020-12-04,-0.6951808,-0.3066378,-0.9525718,-0.931178,-0.556534,-1.094751,-0.95237046,-0.80208343,-0.87661374,-0.9762558,-0.10338886233562417,-0.9705549259723159,4
VPact (mbar)_fold4_x16,2020-12-17,2020-12-04,-0.6950262,-0.31964383,-0.9200072,-0.96986717,-0.89750034,-1.1365695,-0.9177743,-0.4940018,-0.8682009,-0.9937285,-0.3983257898742549,-0.6738961771546047,4
VPact (mbar)_fold4_x16,2020-12-18,2020-12-04,-0.69468474,-0.22583318,-0.9111894,-0.9174354,-0.94816846,-1.1211078,-0.9106921,-0.69251776,-0.84815675,-0.9935128,-0.5638101909719301,-0.7018244342317992,4
VPmax (mbar)_fold4_x17,2020-12-05,2020-12-04,-0.9453368,-0.910116,-1.0649422,-1.0609584,-1.0085328,-1.1566503,-1.0585859,-0.83733594,-1.0496806,-1.0159626,-1.0466620635119552,-1.1989246940804101,4
VPmax (mbar)_fold4_x17,2020-12-06,2020-12-04,-0.946096,-0.8497324,-1.08489,-1.0750171,-0.89180493,-1.1418573,-1.0769198,-0.85085046,-1.0427184,-1.0325847,-1.0863552149206686,-1.2123285174497243,4
VPmax (mbar)_fold4_x17,2020-12-07,2020-12-04,-0.9459024,-0.7535963,-1.0702537,-1.0656877,-0.992841,-1.0899887,-1.065125,-0.7575385,-1.0477242,-1.0682214,-0.978468629926716,-0.8586184348965236,4
VPmax (mbar)_fold4_x17,2020-12-08,2020-12-04,-0.9457897,-0.7099662,-1.0754974,-1.0648408,-1.1415058,-1.104701,-1.0765082,-0.7250124,-1.05336,-1.1075109,-0.993626532406419,-0.9428518409927703,4
VPmax (mbar)_fold4_x17,2020-12-09,2020-12-04,-0.9457731,-0.6862399,-1.1029097,-1.1026483,-1.1643083,-1.2620366,-1.1042789,-1.0556083,-1.0516784,-1.0622212,-1.0588397682159878,-1.015832431349848,4
VPmax (mbar)_fold4_x17,2020-12-10,2020-12-04,-0.9457712,-0.6266248,-1.071672,-1.0748577,-1.176112,-1.2733326,-1.0678312,-1.4668037,-1.0551339,-1.0617312,-1.0630274599180074,-1.0164318964196668,4
VPmax (mbar)_fold4_x17,2020-12-11,2020-12-04,-0.9457733,-0.8069961,-1.0768276,-1.0913858,-1.1379381,-1.3202279,-1.0810796,-1.5542645,-1.0374165,-1.0623518,-1.057897751677701,-1.0282927410153664,4
VPmax (mbar)_fold4_x17,2020-12-12,2020-12-04,-0.9457912,-0.77048874,-1.107849,-1.110236,-1.1215305,-1.3215933,-1.1133678,-1.6251998,-1.0495994,-1.0389384,-0.9995355452374896,-0.8667283409125003,4
VPmax (mbar)_fold4_x17,2020-12-13,2020-12-04,-0.9459306,-0.8424189,-1.0941207,-1.0936629,-1.1129156,-1.29841,-1.102608,-1.9429281,-1.0518832,-1.0841149,-0.8775444035293729,-0.6373901327732681,4
VPmax (mbar)_fold4_x17,2020-12-14,2020-12-04,-0.9473287,-0.8326874,-1.0757035,-1.0929594,-1.0394243,-1.320628,-1.0727136,-1.4811807,-1.042765,-1.030715,-0.8610591141093571,-0.5731189135019857,4
VPmax (mbar)_fold4_x17,2020-12-15,2020-12-04,-0.9509518,-0.7610767,-1.0738713,-1.0856026,-1.0655608,-1.2640657,-1.0663183,-1.4418612,-1.0536028,-1.0646582,-0.7814844079842733,-0.968431871900608,4
VPmax (mbar)_fold4_x17,2020-12-16,2020-12-04,-0.95051545,-0.74005616,-1.091848,-1.0838939,-0.95903707,-1.2031968,-1.0936859,-1.2329574,-1.0698177,-1.0512323,-0.6537812205394551,-1.0426884664777283,4
VPmax (mbar)_fold4_x17,2020-12-17,2020-12-04,-0.95030785,-0.7279504,-1.0619388,-1.0775559,-0.97447467,-1.2369715,-1.0649501,-0.9685117,-1.0633346,-1.041646,-0.8406259190152493,-0.9270430907229787,4
VPmax (mbar)_fold4_x17,2020-12-18,2020-12-04,-0.95020825,-0.78337896,-1.0658083,-1.0742041,-1.128101,-1.2301241,-1.069684,-1.110055,-1.0400475,-1.0411632,-0.9594142044931915,-0.6598358177446246,4
sh (g/kg)_fold4_x18,2020-12-05,2020-12-04,-0.6938935,-0.92089355,-0.96776426,-0.9600135,-0.94452435,-1.0197488,-0.9549198,-0.7959647,-0.84811676,-0.9805271,-0.8331540361841456,-1.0998911495543298,4
sh (g/kg)_fold4_x18,2020-12-06,2020-12-04,-0.6924032,-0.8637353,-0.9650113,-0.9640463,-0.9677128,-1.0142616,-0.9435885,-0.9453156,-0.84340286,-0.96225077,-0.6953505769546244,-1.21640440551722,4
sh (g/kg)_fold4_x18,2020-12-07,2020-12-04,-0.6913067,-0.65855277,-0.9327097,-0.9043485,-0.77558005,-0.95581484,-0.92388207,-0.58057284,-0.85293,-0.9665928,-0.635328191905049,-0.6250350969482001,4
sh (g/kg)_fold4_x18,2020-12-08,2020-12-04,-0.6910521,-0.44943768,-0.9057493,-0.8633298,-0.8287028,-0.97353494,-0.9044433,-0.5455204,-0.84693325,-0.9514582,-0.7348611800058532,-0.7732556643268214,4
sh (g/kg)_fold4_x18,2020-12-09,2020-12-04,-0.69101995,-0.2243245,-0.9560024,-0.94976723,-0.9736551,-1.1784827,-0.95684534,-0.56344354,-0.8610708,-0.971221,-0.6156596996140103,-0.9641119672014011,4
sh (g/kg)_fold4_x18,2020-12-10,2020-12-04,-0.69100124,-0.22308232,-0.93849355,-0.92432714,-0.81930834,-1.1871178,-0.9296065,-1.1582234,-0.86964667,-0.99299836,-0.6155356864217592,-0.8530457522212364,4
sh (g/kg)_fold4_x18,2020-12-11,2020-12-04,-0.69094145,-0.3543162,-0.9107091,-0.959625,-0.9878559,-1.2517505,-0.9153504,-1.026771,-0.8512039,-0.97271097,-0.7095376861481604,-0.8281191005787474,4
sh (g/kg)_fold4_x18,2020-12-12,2020-12-04,-0.6911035,-0.3609801,-0.9591417,-0.97731274,-0.526536,-1.2541931,-0.96383893,-1.1465508,-0.8501065,-0.9343069,-0.6187352267818398,-0.5833666643518006,4
sh (g/kg)_fold4_x18,2020-12-13,2020-12-04,-0.6921369,-0.32156655,-0.951598,-0.9396001,-1.0184976,-1.2321913,-0.95523155,-1.425776,-0.86241925,-0.9364899,-0.36376410351339517,-0.057649939760560244,4
sh (g/kg)_fold4_x18,2020-12-14,2020-12-04,-0.69395316,-0.47379,-0.929157,-0.9830786,-0.8010608,-1.2654499,-0.9214077,-0.89159405,-0.8528955,-0.9716551,-0.49462282397684987,-0.24287604370693616,4
sh (g/kg)_fold4_x18,2020-12-15,2020-12-04,-0.69923574,-0.5083468,-0.92868346,-0.9725071,-0.8104071,-1.1879251,-0.91885066,-0.86656016,-0.8640274,-0.9905092,-0.49695427199117215,-0.9331582744155045,4
sh (g/kg)_fold4_x18,2020-12-16,2020-12-04,-0.69955176,-0.31236136,-0.94577456,-0.9262726,-0.56281066,-1.1082184,-0.9454353,-0.84361863,-0.87766474,-0.95461047,-0.11127324408997435,-0.9753227597809087,4
sh (g/kg)_fold4_x18,2020-12-17,2020-12-04,-0.6991805,-0.30949426,-0.91461366,-0.95663834,-0.8972784,-1.1501102,-0.91200566,-0.56938356,-0.8693913,-0.97328365,-0.40721832607821185,-0.6784351775315622,4
sh (g/kg)_fold4_x18,2020-12-18,2020-12-04,-0.6987755,-0.21613649,-0.9070415,-0.9133828,-0.9424552,-1.134521,-0.9064676,-0.73290956,-0.8493722,-0.9769534,-0.5759258728167294,-0.6949041294625201,4
wv (m/s)_fold4_x19,2020-12-05,2020-12-04,0.010395746,0.0104112,0.0059508868,0.005417364,-0.011914237,0.0025112005,0.006063146,-0.0026172139,0.001352825,0.0083375145,-0.009794048829008258,-0.0223444025152541,4
wv (m/s)_fold4_x19,2020-12-06,2020-12-04,0.0076616015,0.008515637,0.0032496965,0.0034131897,-0.0028411085,0.0013010541,0.0032656454,0.004035007,0.0023583018,0.0068153217,-0.02046675377568262,-0.014856485870031019,4
wv (m/s)_fold4_x19,2020-12-07,2020-12-04,0.0071414188,0.007673437,0.004081293,0.002782721,-0.008729604,0.0011861534,0.004724024,0.007800035,0.0021985224,0.009218811,0.011283443780178901,0.03799919565306442,4
wv (m/s)_fold4_x19,2020-12-08,2020-12-04,0.0068932613,0.002614668,-0.0006401335,-0.0011828969,-0.005542079,0.0022244956,-0.0004734659,0.0137683265,0.00072360726,0.007096297,-0.01416336652792153,0.006031731841887773,4
wv (m/s)_fold4_x19,2020-12-09,2020-12-04,0.00709902,0.0100255925,0.00046533486,-0.001265864,-0.0025965828,0.0022778579,0.0003812487,0.013338588,0.0023306343,0.0065578823,-0.021840996163595854,-0.002992148823653047,4
wv (m/s)_fold4_x19,2020-12-10,2020-12-04,0.0077854786,0.009070277,0.0043898467,0.0038846624,0.00085701846,0.0043437798,0.0040518795,0.022174843,0.0012416847,0.006241574,-0.016329364472013684,-0.007397455411483545,4
wv (m/s)_fold4_x19,2020-12-11,2020-12-04,0.008139149,0.007370608,-0.0013764886,0.00010778359,-0.01032038,0.0038074073,-0.0012823775,0.0023428686,0.0015148325,0.0057909586,0.00670752320044453,-0.008534437716905447,4
wv (m/s)_fold4_x19,2020-12-12,2020-12-04,0.007917879,0.01662001,0.00017775956,0.0019591893,-0.013846694,0.004451656,0.001372246,0.0046460256,0.0012539232,0.0049076895,0.003913719083018589,0.00740064254255401,4
wv (m/s)_fold4_x19,2020-12-13,2020-12-04,0.007006581,0.017204706,0.004524515,0.0038389424,0.0022396797,0.0035991836,0.0051024123,-0.00441372,0.0018132238,0.003190427,-0.018091487107145872,0.01638453555374238,4
wv (m/s)_fold4_x19,2020-12-14,2020-12-04,0.006595292,0.01742065,0.0018542586,0.0039769663,0.006618102,0.0031542117,0.0020276727,0.0008685887,0.0017555126,0.005667293,0.018803788642066832,0.02851678988428192,4
wv (m/s)_fold4_x19,2020-12-15,2020-12-04,0.0072016194,0.011615135,0.0007550834,0.0020864285,-0.004563235,0.0041265693,0.0011931494,-0.0035699382,0.0009395421,0.0068052025,0.005078692746487227,-0.00017301919180387224,4
wv (m/s)_fold4_x19,2020-12-16,2020-12-04,0.0077412543,0.010543844,0.0036533065,0.0026114988,-0.0031234126,0.004859671,0.0038884007,0.0033613667,0.000830329,0.0042077987,-0.006028544710817295,0.019149015391309837,4
wv (m/s)_fold4_x19,2020-12-17,2020-12-04,0.007840979,0.009728903,0.00086725934,0.0012910331,0.0050577526,0.0049766563,0.0006630909,0.023413144,0.00073602685,0.007686753,0.019866127326030793,0.018793125267572843,4
wv (m/s)_fold4_x19,2020-12-18,2020-12-04,0.007854486,0.010893051,0.0012609056,0.0012653288,0.01874472,0.005399414,0.0017058844,-0.00014454499,0.0016653646,0.005906396,-0.004603651294057601,0.042129920347674606,4
